Nível Territorial (Código),Nível Territorial,Unidade de Medida (Código),Unidade de Medida,Valor,Grande Região (Código),Grande Região,Ano (Código),Ano,Variável (Código),Variável,Situação do domicílio (Código),Situação do domicílio
2,Grande Região,48,Mil unidades,690,1,Norte,2016,2016,10591,"Domicílios com televisão que não tinham conversor para receber o sinal digital de televisão aberta, nem recepção por antena parabólica e nem acesso a serviço de televisão por assinatura",6795,Total
2,Grande Região,48,Mil unidades,592,1,Norte,2016,2016,10591,"Domicílios com televisão que não tinham conversor para receber o sinal digital de televisão aberta, nem recepção por antena parabólica e nem acesso a serviço de televisão por assinatura",1,Urbana
2,Grande Região,48,Mil unidades,98,1,Norte,2016,2016,10591,"Domicílios com televisão que não tinham conversor para receber o sinal digital de televisão aberta, nem recepção por antena parabólica e nem acesso a serviço de televisão por assinatura",2,Rural
2,Grande Região,2,%,3.2,1,Norte,2016,2016,10592,"Coeficiente de variação - Domicílios com televisão que não tinham conversor para receber o sinal digital de televisão aberta, nem recepção por antena parabólica e nem acesso a serviço de televisão por assinatura",6795,Total
2,Grande Região,2,%,3.4,1,Norte,2016,2016,10592,"Coeficiente de variação - Domicílios com televisão que não tinham conversor para receber o sinal digital de televisão aberta, nem recepção por antena parabólica e nem acesso a serviço de televisão por assinatura",1,Urbana
2,Grande Região,2,%,9,1,Norte,2016,2016,10592,"Coeficiente de variação - Domicílios com televisão que não tinham conversor para receber o sinal digital de televisão aberta, nem recepção por antena parabólica e nem acesso a serviço de televisão por assinatura",2,Rural
2,Grande Região,1572,Mil pessoas,2349,1,Norte,2016,2016,10595,"Moradores em domicílios com televisão que não tinham conversor para receber o sinal digital de televisão aberta, nem recepção por antena parabólica e nem acesso a serviço de televisão por assinatura",6795,Total
2,Grande Região,1572,Mil pessoas,1991,1,Norte,2016,2016,10595,"Moradores em domicílios com televisão que não tinham conversor para receber o sinal digital de televisão aberta, nem recepção por antena parabólica e nem acesso a serviço de televisão por assinatura",1,Urbana
2,Grande Região,1572,Mil pessoas,358,1,Norte,2016,2016,10595,"Moradores em domicílios com televisão que não tinham conversor para receber o sinal digital de televisão aberta, nem recepção por antena parabólica e nem acesso a serviço de televisão por assinatura",2,Rural
2,Grande Região,2,%,3.6,1,Norte,2016,2016,10596,"Coeficiente de variação - Moradores em domicílios com televisão que não tinham conversor para receber o sinal digital de televisão aberta, nem recepção por antena parabólica e nem acesso a serviço de televisão por assinatura",6795,Total
2,Grande Região,2,%,3.8,1,Norte,2016,2016,10596,"Coeficiente de variação - Moradores em domicílios com televisão que não tinham conversor para receber o sinal digital de televisão aberta, nem recepção por antena parabólica e nem acesso a serviço de televisão por assinatura",1,Urbana
2,Grande Região,2,%,9.5,1,Norte,2016,2016,10596,"Coeficiente de variação - Moradores em domicílios com televisão que não tinham conversor para receber o sinal digital de televisão aberta, nem recepção por antena parabólica e nem acesso a serviço de televisão por assinatura",2,Rural
2,Grande Região,48,Mil unidades,531,1,Norte,2017,2017,10591,"Domicílios com televisão que não tinham conversor para receber o sinal digital de televisão aberta, nem recepção por antena parabólica e nem acesso a serviço de televisão por assinatura",6795,Total
2,Grande Região,48,Mil unidades,457,1,Norte,2017,2017,10591,"Domicílios com televisão que não tinham conversor para receber o sinal digital de televisão aberta, nem recepção por antena parabólica e nem acesso a serviço de televisão por assinatura",1,Urbana
2,Grande Região,48,Mil unidades,74,1,Norte,2017,2017,10591,"Domicílios com televisão que não tinham conversor para receber o sinal digital de televisão aberta, nem recepção por antena parabólica e nem acesso a serviço de televisão por assinatura",2,Rural
2,Grande Região,2,%,4.5,1,Norte,2017,2017,10592,"Coeficiente de variação - Domicílios com televisão que não tinham conversor para receber o sinal digital de televisão aberta, nem recepção por antena parabólica e nem acesso a serviço de televisão por assinatura",6795,Total
2,Grande Região,2,%,5,1,Norte,2017,2017,10592,"Coeficiente de variação - Domicílios com televisão que não tinham conversor para receber o sinal digital de televisão aberta, nem recepção por antena parabólica e nem acesso a serviço de televisão por assinatura",1,Urbana
2,Grande Região,2,%,8.9,1,Norte,2017,2017,10592,"Coeficiente de variação - Domicílios com televisão que não tinham conversor para receber o sinal digital de televisão aberta, nem recepção por antena parabólica e nem acesso a serviço de televisão por assinatura",2,Rural
2,Grande Região,1572,Mil pessoas,1875,1,Norte,2017,2017,10595,"Moradores em domicílios com televisão que não tinham conversor para receber o sinal digital de televisão aberta, nem recepção por antena parabólica e nem acesso a serviço de televisão por assinatura",6795,Total
2,Grande Região,1572,Mil pessoas,1597,1,Norte,2017,2017,10595,"Moradores em domicílios com televisão que não tinham conversor para receber o sinal digital de televisão aberta, nem recepção por antena parabólica e nem acesso a serviço de televisão por assinatura",1,Urbana
2,Grande Região,1572,Mil pessoas,277,1,Norte,2017,2017,10595,"Moradores em domicílios com televisão que não tinham conversor para receber o sinal digital de televisão aberta, nem recepção por antena parabólica e nem acesso a serviço de televisão por assinatura",2,Rural
2,Grande Região,2,%,4.8,1,Norte,2017,2017,10596,"Coeficiente de variação - Moradores em domicílios com televisão que não tinham conversor para receber o sinal digital de televisão aberta, nem recepção por antena parabólica e nem acesso a serviço de televisão por assinatura",6795,Total
2,Grande Região,2,%,5.3,1,Norte,2017,2017,10596,"Coeficiente de variação - Moradores em domicílios com televisão que não tinham conversor para receber o sinal digital de televisão aberta, nem recepção por antena parabólica e nem acesso a serviço de televisão por assinatura",1,Urbana
2,Grande Região,2,%,10.3,1,Norte,2017,2017,10596,"Coeficiente de variação - Moradores em domicílios com televisão que não tinham conversor para receber o sinal digital de televisão aberta, nem recepção por antena parabólica e nem acesso a serviço de televisão por assinatura",2,Rural
2,Grande Região,48,Mil unidades,218,1,Norte,2018,2018,10591,"Domicílios com televisão que não tinham conversor para receber o sinal digital de televisão aberta, nem recepção por antena parabólica e nem acesso a serviço de televisão por assinatura",6795,Total
2,Grande Região,48,Mil unidades,183,1,Norte,2018,2018,10591,"Domicílios com televisão que não tinham conversor para receber o sinal digital de televisão aberta, nem recepção por antena parabólica e nem acesso a serviço de televisão por assinatura",1,Urbana
2,Grande Região,48,Mil unidades,35,1,Norte,2018,2018,10591,"Domicílios com televisão que não tinham conversor para receber o sinal digital de televisão aberta, nem recepção por antena parabólica e nem acesso a serviço de televisão por assinatura",2,Rural
2,Grande Região,2,%,6.7,1,Norte,2018,2018,10592,"Coeficiente de variação - Domicílios com televisão que não tinham conversor para receber o sinal digital de televisão aberta, nem recepção por antena parabólica e nem acesso a serviço de televisão por assinatura",6795,Total
2,Grande Região,2,%,7.8,1,Norte,2018,2018,10592,"Coeficiente de variação - Domicílios com televisão que não tinham conversor para receber o sinal digital de televisão aberta, nem recepção por antena parabólica e nem acesso a serviço de televisão por assinatura",1,Urbana
2,Grande Região,2,%,14,1,Norte,2018,2018,10592,"Coeficiente de variação - Domicílios com televisão que não tinham conversor para receber o sinal digital de televisão aberta, nem recepção por antena parabólica e nem acesso a serviço de televisão por assinatura",2,Rural
2,Grande Região,1572,Mil pessoas,774,1,Norte,2018,2018,10595,"Moradores em domicílios com televisão que não tinham conversor para receber o sinal digital de televisão aberta, nem recepção por antena parabólica e nem acesso a serviço de televisão por assinatura",6795,Total
2,Grande Região,1572,Mil pessoas,638,1,Norte,2018,2018,10595,"Moradores em domicílios com televisão que não tinham conversor para receber o sinal digital de televisão aberta, nem recepção por antena parabólica e nem acesso a serviço de televisão por assinatura",1,Urbana
2,Grande Região,1572,Mil pessoas,136,1,Norte,2018,2018,10595,"Moradores em domicílios com televisão que não tinham conversor para receber o sinal digital de televisão aberta, nem recepção por antena parabólica e nem acesso a serviço de televisão por assinatura",2,Rural
2,Grande Região,2,%,7.2,1,Norte,2018,2018,10596,"Coeficiente de variação - Moradores em domicílios com televisão que não tinham conversor para receber o sinal digital de televisão aberta, nem recepção por antena parabólica e nem acesso a serviço de televisão por assinatura",6795,Total
2,Grande Região,2,%,8.1,1,Norte,2018,2018,10596,"Coeficiente de variação - Moradores em domicílios com televisão que não tinham conversor para receber o sinal digital de televisão aberta, nem recepção por antena parabólica e nem acesso a serviço de televisão por assinatura",1,Urbana
2,Grande Região,2,%,18.9,1,Norte,2018,2018,10596,"Coeficiente de variação - Moradores em domicílios com televisão que não tinham conversor para receber o sinal digital de televisão aberta, nem recepção por antena parabólica e nem acesso a serviço de televisão por assinatura",2,Rural
2,Grande Região,48,Mil unidades,163,1,Norte,2019,2019,10591,"Domicílios com televisão que não tinham conversor para receber o sinal digital de televisão aberta, nem recepção por antena parabólica e nem acesso a serviço de televisão por assinatura",6795,Total
2,Grande Região,48,Mil unidades,137,1,Norte,2019,2019,10591,"Domicílios com televisão que não tinham conversor para receber o sinal digital de televisão aberta, nem recepção por antena parabólica e nem acesso a serviço de televisão por assinatura",1,Urbana
2,Grande Região,48,Mil unidades,26,1,Norte,2019,2019,10591,"Domicílios com televisão que não tinham conversor para receber o sinal digital de televisão aberta, nem recepção por antena parabólica e nem acesso a serviço de televisão por assinatura",2,Rural
2,Grande Região,2,%,9.9,1,Norte,2019,2019,10592,"Coeficiente de variação - Domicílios com televisão que não tinham conversor para receber o sinal digital de televisão aberta, nem recepção por antena parabólica e nem acesso a serviço de televisão por assinatura",6795,Total
2,Grande Região,2,%,11.8,1,Norte,2019,2019,10592,"Coeficiente de variação - Domicílios com televisão que não tinham conversor para receber o sinal digital de televisão aberta, nem recepção por antena parabólica e nem acesso a serviço de televisão por assinatura",1,Urbana
2,Grande Região,2,%,13.3,1,Norte,2019,2019,10592,"Coeficiente de variação - Domicílios com televisão que não tinham conversor para receber o sinal digital de televisão aberta, nem recepção por antena parabólica e nem acesso a serviço de televisão por assinatura",2,Rural
2,Grande Região,1572,Mil pessoas,579,1,Norte,2019,2019,10595,"Moradores em domicílios com televisão que não tinham conversor para receber o sinal digital de televisão aberta, nem recepção por antena parabólica e nem acesso a serviço de televisão por assinatura",6795,Total
2,Grande Região,1572,Mil pessoas,485,1,Norte,2019,2019,10595,"Moradores em domicílios com televisão que não tinham conversor para receber o sinal digital de televisão aberta, nem recepção por antena parabólica e nem acesso a serviço de televisão por assinatura",1,Urbana
2,Grande Região,1572,Mil pessoas,94,1,Norte,2019,2019,10595,"Moradores em domicílios com televisão que não tinham conversor para receber o sinal digital de televisão aberta, nem recepção por antena parabólica e nem acesso a serviço de televisão por assinatura",2,Rural
2,Grande Região,2,%,9.5,1,Norte,2019,2019,10596,"Coeficiente de variação - Moradores em domicílios com televisão que não tinham conversor para receber o sinal digital de televisão aberta, nem recepção por antena parabólica e nem acesso a serviço de televisão por assinatura",6795,Total
2,Grande Região,2,%,11.2,1,Norte,2019,2019,10596,"Coeficiente de variação - Moradores em domicílios com televisão que não tinham conversor para receber o sinal digital de televisão aberta, nem recepção por antena parabólica e nem acesso a serviço de televisão por assinatura",1,Urbana
2,Grande Região,2,%,15.1,1,Norte,2019,2019,10596,"Coeficiente de variação - Moradores em domicílios com televisão que não tinham conversor para receber o sinal digital de televisão aberta, nem recepção por antena parabólica e nem acesso a serviço de televisão por assinatura",2,Rural
2,Grande Região,48,Mil unidades,163,1,Norte,2021,2021,10591,"Domicílios com televisão que não tinham conversor para receber o sinal digital de televisão aberta, nem recepção por antena parabólica e nem acesso a serviço de televisão por assinatura",6795,Total
2,Grande Região,48,Mil unidades,131,1,Norte,2021,2021,10591,"Domicílios com televisão que não tinham conversor para receber o sinal digital de televisão aberta, nem recepção por antena parabólica e nem acesso a serviço de televisão por assinatura",1,Urbana
2,Grande Região,48,Mil unidades,32,1,Norte,2021,2021,10591,"Domicílios com televisão que não tinham conversor para receber o sinal digital de televisão aberta, nem recepção por antena parabólica e nem acesso a serviço de televisão por assinatura",2,Rural
2,Grande Região,2,%,7.5,1,Norte,2021,2021,10592,"Coeficiente de variação - Domicílios com televisão que não tinham conversor para receber o sinal digital de televisão aberta, nem recepção por antena parabólica e nem acesso a serviço de televisão por assinatura",6795,Total
2,Grande Região,2,%,8.7,1,Norte,2021,2021,10592,"Coeficiente de variação - Domicílios com televisão que não tinham conversor para receber o sinal digital de televisão aberta, nem recepção por antena parabólica e nem acesso a serviço de televisão por assinatura",1,Urbana
2,Grande Região,2,%,14,1,Norte,2021,2021,10592,"Coeficiente de variação - Domicílios com televisão que não tinham conversor para receber o sinal digital de televisão aberta, nem recepção por antena parabólica e nem acesso a serviço de televisão por assinatura",2,Rural
2,Grande Região,1572,Mil pessoas,542,1,Norte,2021,2021,10595,"Moradores em domicílios com televisão que não tinham conversor para receber o sinal digital de televisão aberta, nem recepção por antena parabólica e nem acesso a serviço de televisão por assinatura",6795,Total
2,Grande Região,1572,Mil pessoas,435,1,Norte,2021,2021,10595,"Moradores em domicílios com televisão que não tinham conversor para receber o sinal digital de televisão aberta, nem recepção por antena parabólica e nem acesso a serviço de televisão por assinatura",1,Urbana
2,Grande Região,1572,Mil pessoas,107,1,Norte,2021,2021,10595,"Moradores em domicílios com televisão que não tinham conversor para receber o sinal digital de televisão aberta, nem recepção por antena parabólica e nem acesso a serviço de televisão por assinatura",2,Rural
2,Grande Região,2,%,9,1,Norte,2021,2021,10596,"Coeficiente de variação - Moradores em domicílios com televisão que não tinham conversor para receber o sinal digital de televisão aberta, nem recepção por antena parabólica e nem acesso a serviço de televisão por assinatura",6795,Total
2,Grande Região,2,%,10.7,1,Norte,2021,2021,10596,"Coeficiente de variação - Moradores em domicílios com televisão que não tinham conversor para receber o sinal digital de televisão aberta, nem recepção por antena parabólica e nem acesso a serviço de televisão por assinatura",1,Urbana
2,Grande Região,2,%,14.4,1,Norte,2021,2021,10596,"Coeficiente de variação - Moradores em domicílios com televisão que não tinham conversor para receber o sinal digital de televisão aberta, nem recepção por antena parabólica e nem acesso a serviço de televisão por assinatura",2,Rural
2,Grande Região,48,Mil unidades,2237,2,Nordeste,2016,2016,10591,"Domicílios com televisão que não tinham conversor para receber o sinal digital de televisão aberta, nem recepção por antena parabólica e nem acesso a serviço de televisão por assinatura",6795,Total
2,Grande Região,48,Mil unidades,1813,2,Nordeste,2016,2016,10591,"Domicílios com televisão que não tinham conversor para receber o sinal digital de televisão aberta, nem recepção por antena parabólica e nem acesso a serviço de televisão por assinatura",1,Urbana
2,Grande Região,48,Mil unidades,424,2,Nordeste,2016,2016,10591,"Domicílios com televisão que não tinham conversor para receber o sinal digital de televisão aberta, nem recepção por antena parabólica e nem acesso a serviço de televisão por assinatura",2,Rural
2,Grande Região,2,%,2.3,2,Nordeste,2016,2016,10592,"Coeficiente de variação - Domicílios com televisão que não tinham conversor para receber o sinal digital de televisão aberta, nem recepção por antena parabólica e nem acesso a serviço de televisão por assinatura",6795,Total
2,Grande Região,2,%,2.6,2,Nordeste,2016,2016,10592,"Coeficiente de variação - Domicílios com televisão que não tinham conversor para receber o sinal digital de televisão aberta, nem recepção por antena parabólica e nem acesso a serviço de televisão por assinatura",1,Urbana
2,Grande Região,2,%,5.2,2,Nordeste,2016,2016,10592,"Coeficiente de variação - Domicílios com televisão que não tinham conversor para receber o sinal digital de televisão aberta, nem recepção por antena parabólica e nem acesso a serviço de televisão por assinatura",2,Rural
2,Grande Região,1572,Mil pessoas,6779,2,Nordeste,2016,2016,10595,"Moradores em domicílios com televisão que não tinham conversor para receber o sinal digital de televisão aberta, nem recepção por antena parabólica e nem acesso a serviço de televisão por assinatura",6795,Total
2,Grande Região,1572,Mil pessoas,5444,2,Nordeste,2016,2016,10595,"Moradores em domicílios com televisão que não tinham conversor para receber o sinal digital de televisão aberta, nem recepção por antena parabólica e nem acesso a serviço de televisão por assinatura",1,Urbana
2,Grande Região,1572,Mil pessoas,1336,2,Nordeste,2016,2016,10595,"Moradores em domicílios com televisão que não tinham conversor para receber o sinal digital de televisão aberta, nem recepção por antena parabólica e nem acesso a serviço de televisão por assinatura",2,Rural
2,Grande Região,2,%,2.5,2,Nordeste,2016,2016,10596,"Coeficiente de variação - Moradores em domicílios com televisão que não tinham conversor para receber o sinal digital de televisão aberta, nem recepção por antena parabólica e nem acesso a serviço de televisão por assinatura",6795,Total
2,Grande Região,2,%,2.9,2,Nordeste,2016,2016,10596,"Coeficiente de variação - Moradores em domicílios com televisão que não tinham conversor para receber o sinal digital de televisão aberta, nem recepção por antena parabólica e nem acesso a serviço de televisão por assinatura",1,Urbana
2,Grande Região,2,%,5.6,2,Nordeste,2016,2016,10596,"Coeficiente de variação - Moradores em domicílios com televisão que não tinham conversor para receber o sinal digital de televisão aberta, nem recepção por antena parabólica e nem acesso a serviço de televisão por assinatura",2,Rural
2,Grande Região,48,Mil unidades,1402,2,Nordeste,2017,2017,10591,"Domicílios com televisão que não tinham conversor para receber o sinal digital de televisão aberta, nem recepção por antena parabólica e nem acesso a serviço de televisão por assinatura",6795,Total
2,Grande Região,48,Mil unidades,1086,2,Nordeste,2017,2017,10591,"Domicílios com televisão que não tinham conversor para receber o sinal digital de televisão aberta, nem recepção por antena parabólica e nem acesso a serviço de televisão por assinatura",1,Urbana
2,Grande Região,48,Mil unidades,316,2,Nordeste,2017,2017,10591,"Domicílios com televisão que não tinham conversor para receber o sinal digital de televisão aberta, nem recepção por antena parabólica e nem acesso a serviço de televisão por assinatura",2,Rural
2,Grande Região,2,%,2.7,2,Nordeste,2017,2017,10592,"Coeficiente de variação - Domicílios com televisão que não tinham conversor para receber o sinal digital de televisão aberta, nem recepção por antena parabólica e nem acesso a serviço de televisão por assinatura",6795,Total
2,Grande Região,2,%,3.2,2,Nordeste,2017,2017,10592,"Coeficiente de variação - Domicílios com televisão que não tinham conversor para receber o sinal digital de televisão aberta, nem recepção por antena parabólica e nem acesso a serviço de televisão por assinatura",1,Urbana
2,Grande Região,2,%,5.2,2,Nordeste,2017,2017,10592,"Coeficiente de variação - Domicílios com televisão que não tinham conversor para receber o sinal digital de televisão aberta, nem recepção por antena parabólica e nem acesso a serviço de televisão por assinatura",2,Rural
2,Grande Região,1572,Mil pessoas,4264,2,Nordeste,2017,2017,10595,"Moradores em domicílios com televisão que não tinham conversor para receber o sinal digital de televisão aberta, nem recepção por antena parabólica e nem acesso a serviço de televisão por assinatura",6795,Total
2,Grande Região,1572,Mil pessoas,3294,2,Nordeste,2017,2017,10595,"Moradores em domicílios com televisão que não tinham conversor para receber o sinal digital de televisão aberta, nem recepção por antena parabólica e nem acesso a serviço de televisão por assinatura",1,Urbana
2,Grande Região,1572,Mil pessoas,969,2,Nordeste,2017,2017,10595,"Moradores em domicílios com televisão que não tinham conversor para receber o sinal digital de televisão aberta, nem recepção por antena parabólica e nem acesso a serviço de televisão por assinatura",2,Rural
2,Grande Região,2,%,3.1,2,Nordeste,2017,2017,10596,"Coeficiente de variação - Moradores em domicílios com televisão que não tinham conversor para receber o sinal digital de televisão aberta, nem recepção por antena parabólica e nem acesso a serviço de televisão por assinatura",6795,Total
2,Grande Região,2,%,3.9,2,Nordeste,2017,2017,10596,"Coeficiente de variação - Moradores em domicílios com televisão que não tinham conversor para receber o sinal digital de televisão aberta, nem recepção por antena parabólica e nem acesso a serviço de televisão por assinatura",1,Urbana
2,Grande Região,2,%,5.2,2,Nordeste,2017,2017,10596,"Coeficiente de variação - Moradores em domicílios com televisão que não tinham conversor para receber o sinal digital de televisão aberta, nem recepção por antena parabólica e nem acesso a serviço de televisão por assinatura",2,Rural
2,Grande Região,48,Mil unidades,791,2,Nordeste,2018,2018,10591,"Domicílios com televisão que não tinham conversor para receber o sinal digital de televisão aberta, nem recepção por antena parabólica e nem acesso a serviço de televisão por assinatura",6795,Total
2,Grande Região,48,Mil unidades,597,2,Nordeste,2018,2018,10591,"Domicílios com televisão que não tinham conversor para receber o sinal digital de televisão aberta, nem recepção por antena parabólica e nem acesso a serviço de televisão por assinatura",1,Urbana
2,Grande Região,48,Mil unidades,194,2,Nordeste,2018,2018,10591,"Domicílios com televisão que não tinham conversor para receber o sinal digital de televisão aberta, nem recepção por antena parabólica e nem acesso a serviço de televisão por assinatura",2,Rural
2,Grande Região,2,%,3.6,2,Nordeste,2018,2018,10592,"Coeficiente de variação - Domicílios com televisão que não tinham conversor para receber o sinal digital de televisão aberta, nem recepção por antena parabólica e nem acesso a serviço de televisão por assinatura",6795,Total
2,Grande Região,2,%,4.5,2,Nordeste,2018,2018,10592,"Coeficiente de variação - Domicílios com televisão que não tinham conversor para receber o sinal digital de televisão aberta, nem recepção por antena parabólica e nem acesso a serviço de televisão por assinatura",1,Urbana
2,Grande Região,2,%,5.2,2,Nordeste,2018,2018,10592,"Coeficiente de variação - Domicílios com televisão que não tinham conversor para receber o sinal digital de televisão aberta, nem recepção por antena parabólica e nem acesso a serviço de televisão por assinatura",2,Rural
2,Grande Região,1572,Mil pessoas,2394,2,Nordeste,2018,2018,10595,"Moradores em domicílios com televisão que não tinham conversor para receber o sinal digital de televisão aberta, nem recepção por antena parabólica e nem acesso a serviço de televisão por assinatura",6795,Total
2,Grande Região,1572,Mil pessoas,1796,2,Nordeste,2018,2018,10595,"Moradores em domicílios com televisão que não tinham conversor para receber o sinal digital de televisão aberta, nem recepção por antena parabólica e nem acesso a serviço de televisão por assinatura",1,Urbana
2,Grande Região,1572,Mil pessoas,598,2,Nordeste,2018,2018,10595,"Moradores em domicílios com televisão que não tinham conversor para receber o sinal digital de televisão aberta, nem recepção por antena parabólica e nem acesso a serviço de televisão por assinatura",2,Rural
2,Grande Região,2,%,4.4,2,Nordeste,2018,2018,10596,"Coeficiente de variação - Moradores em domicílios com televisão que não tinham conversor para receber o sinal digital de televisão aberta, nem recepção por antena parabólica e nem acesso a serviço de televisão por assinatura",6795,Total
2,Grande Região,2,%,5.5,2,Nordeste,2018,2018,10596,"Coeficiente de variação - Moradores em domicílios com televisão que não tinham conversor para receber o sinal digital de televisão aberta, nem recepção por antena parabólica e nem acesso a serviço de televisão por assinatura",1,Urbana
2,Grande Região,2,%,5.6,2,Nordeste,2018,2018,10596,"Coeficiente de variação - Moradores em domicílios com televisão que não tinham conversor para receber o sinal digital de televisão aberta, nem recepção por antena parabólica e nem acesso a serviço de televisão por assinatura",2,Rural
2,Grande Região,48,Mil unidades,670,2,Nordeste,2019,2019,10591,"Domicílios com televisão que não tinham conversor para receber o sinal digital de televisão aberta, nem recepção por antena parabólica e nem acesso a serviço de televisão por assinatura",6795,Total
2,Grande Região,48,Mil unidades,500,2,Nordeste,2019,2019,10591,"Domicílios com televisão que não tinham conversor para receber o sinal digital de televisão aberta, nem recepção por antena parabólica e nem acesso a serviço de televisão por assinatura",1,Urbana
2,Grande Região,48,Mil unidades,170,2,Nordeste,2019,2019,10591,"Domicílios com televisão que não tinham conversor para receber o sinal digital de televisão aberta, nem recepção por antena parabólica e nem acesso a serviço de televisão por assinatura",2,Rural
2,Grande Região,2,%,3.8,2,Nordeste,2019,2019,10592,"Coeficiente de variação - Domicílios com televisão que não tinham conversor para receber o sinal digital de televisão aberta, nem recepção por antena parabólica e nem acesso a serviço de televisão por assinatura",6795,Total
2,Grande Região,2,%,4.7,2,Nordeste,2019,2019,10592,"Coeficiente de variação - Domicílios com televisão que não tinham conversor para receber o sinal digital de televisão aberta, nem recepção por antena parabólica e nem acesso a serviço de televisão por assinatura",1,Urbana
2,Grande Região,2,%,5.9,2,Nordeste,2019,2019,10592,"Coeficiente de variação - Domicílios com televisão que não tinham conversor para receber o sinal digital de televisão aberta, nem recepção por antena parabólica e nem acesso a serviço de televisão por assinatura",2,Rural
2,Grande Região,1572,Mil pessoas,1980,2,Nordeste,2019,2019,10595,"Moradores em domicílios com televisão que não tinham conversor para receber o sinal digital de televisão aberta, nem recepção por antena parabólica e nem acesso a serviço de televisão por assinatura",6795,Total
2,Grande Região,1572,Mil pessoas,1438,2,Nordeste,2019,2019,10595,"Moradores em domicílios com televisão que não tinham conversor para receber o sinal digital de televisão aberta, nem recepção por antena parabólica e nem acesso a serviço de televisão por assinatura",1,Urbana
2,Grande Região,1572,Mil pessoas,542,2,Nordeste,2019,2019,10595,"Moradores em domicílios com televisão que não tinham conversor para receber o sinal digital de televisão aberta, nem recepção por antena parabólica e nem acesso a serviço de televisão por assinatura",2,Rural
2,Grande Região,2,%,4.1,2,Nordeste,2019,2019,10596,"Coeficiente de variação - Moradores em domicílios com televisão que não tinham conversor para receber o sinal digital de televisão aberta, nem recepção por antena parabólica e nem acesso a serviço de televisão por assinatura",6795,Total
2,Grande Região,2,%,5,2,Nordeste,2019,2019,10596,"Coeficiente de variação - Moradores em domicílios com televisão que não tinham conversor para receber o sinal digital de televisão aberta, nem recepção por antena parabólica e nem acesso a serviço de televisão por assinatura",1,Urbana
2,Grande Região,2,%,6.5,2,Nordeste,2019,2019,10596,"Coeficiente de variação - Moradores em domicílios com televisão que não tinham conversor para receber o sinal digital de televisão aberta, nem recepção por antena parabólica e nem acesso a serviço de televisão por assinatura",2,Rural
2,Grande Região,48,Mil unidades,563,2,Nordeste,2021,2021,10591,"Domicílios com televisão que não tinham conversor para receber o sinal digital de televisão aberta, nem recepção por antena parabólica e nem acesso a serviço de televisão por assinatura",6795,Total
2,Grande Região,48,Mil unidades,411,2,Nordeste,2021,2021,10591,"Domicílios com televisão que não tinham conversor para receber o sinal digital de televisão aberta, nem recepção por antena parabólica e nem acesso a serviço de televisão por assinatura",1,Urbana
2,Grande Região,48,Mil unidades,152,2,Nordeste,2021,2021,10591,"Domicílios com televisão que não tinham conversor para receber o sinal digital de televisão aberta, nem recepção por antena parabólica e nem acesso a serviço de televisão por assinatura",2,Rural
2,Grande Região,2,%,4.5,2,Nordeste,2021,2021,10592,"Coeficiente de variação - Domicílios com televisão que não tinham conversor para receber o sinal digital de televisão aberta, nem recepção por antena parabólica e nem acesso a serviço de televisão por assinatura",6795,Total
2,Grande Região,2,%,5.6,2,Nordeste,2021,2021,10592,"Coeficiente de variação - Domicílios com televisão que não tinham conversor para receber o sinal digital de televisão aberta, nem recepção por antena parabólica e nem acesso a serviço de televisão por assinatura",1,Urbana
2,Grande Região,2,%,8.6,2,Nordeste,2021,2021,10592,"Coeficiente de variação - Domicílios com televisão que não tinham conversor para receber o sinal digital de televisão aberta, nem recepção por antena parabólica e nem acesso a serviço de televisão por assinatura",2,Rural
2,Grande Região,1572,Mil pessoas,1624,2,Nordeste,2021,2021,10595,"Moradores em domicílios com televisão que não tinham conversor para receber o sinal digital de televisão aberta, nem recepção por antena parabólica e nem acesso a serviço de televisão por assinatura",6795,Total
2,Grande Região,1572,Mil pessoas,1186,2,Nordeste,2021,2021,10595,"Moradores em domicílios com televisão que não tinham conversor para receber o sinal digital de televisão aberta, nem recepção por antena parabólica e nem acesso a serviço de televisão por assinatura",1,Urbana
2,Grande Região,1572,Mil pessoas,438,2,Nordeste,2021,2021,10595,"Moradores em domicílios com televisão que não tinham conversor para receber o sinal digital de televisão aberta, nem recepção por antena parabólica e nem acesso a serviço de televisão por assinatura",2,Rural
2,Grande Região,2,%,4.8,2,Nordeste,2021,2021,10596,"Coeficiente de variação - Moradores em domicílios com televisão que não tinham conversor para receber o sinal digital de televisão aberta, nem recepção por antena parabólica e nem acesso a serviço de televisão por assinatura",6795,Total
2,Grande Região,2,%,6,2,Nordeste,2021,2021,10596,"Coeficiente de variação - Moradores em domicílios com televisão que não tinham conversor para receber o sinal digital de televisão aberta, nem recepção por antena parabólica e nem acesso a serviço de televisão por assinatura",1,Urbana
2,Grande Região,2,%,8.3,2,Nordeste,2021,2021,10596,"Coeficiente de variação - Moradores em domicílios com televisão que não tinham conversor para receber o sinal digital de televisão aberta, nem recepção por antena parabólica e nem acesso a serviço de televisão por assinatura",2,Rural
2,Grande Região,48,Mil unidades,2475,3,Sudeste,2016,2016,10591,"Domicílios com televisão que não tinham conversor para receber o sinal digital de televisão aberta, nem recepção por antena parabólica e nem acesso a serviço de televisão por assinatura",6795,Total
2,Grande Região,48,Mil unidades,2347,3,Sudeste,2016,2016,10591,"Domicílios com televisão que não tinham conversor para receber o sinal digital de televisão aberta, nem recepção por antena parabólica e nem acesso a serviço de televisão por assinatura",1,Urbana
2,Grande Região,48,Mil unidades,128,3,Sudeste,2016,2016,10591,"Domicílios com televisão que não tinham conversor para receber o sinal digital de televisão aberta, nem recepção por antena parabólica e nem acesso a serviço de televisão por assinatura",2,Rural
2,Grande Região,2,%,2.4,3,Sudeste,2016,2016,10592,"Coeficiente de variação - Domicílios com televisão que não tinham conversor para receber o sinal digital de televisão aberta, nem recepção por antena parabólica e nem acesso a serviço de televisão por assinatura",6795,Total
2,Grande Região,2,%,2.5,3,Sudeste,2016,2016,10592,"Coeficiente de variação - Domicílios com televisão que não tinham conversor para receber o sinal digital de televisão aberta, nem recepção por antena parabólica e nem acesso a serviço de televisão por assinatura",1,Urbana
2,Grande Região,2,%,7.5,3,Sudeste,2016,2016,10592,"Coeficiente de variação - Domicílios com televisão que não tinham conversor para receber o sinal digital de televisão aberta, nem recepção por antena parabólica e nem acesso a serviço de televisão por assinatura",2,Rural
2,Grande Região,1572,Mil pessoas,6861,3,Sudeste,2016,2016,10595,"Moradores em domicílios com televisão que não tinham conversor para receber o sinal digital de televisão aberta, nem recepção por antena parabólica e nem acesso a serviço de televisão por assinatura",6795,Total
2,Grande Região,1572,Mil pessoas,6490,3,Sudeste,2016,2016,10595,"Moradores em domicílios com televisão que não tinham conversor para receber o sinal digital de televisão aberta, nem recepção por antena parabólica e nem acesso a serviço de televisão por assinatura",1,Urbana
2,Grande Região,1572,Mil pessoas,371,3,Sudeste,2016,2016,10595,"Moradores em domicílios com televisão que não tinham conversor para receber o sinal digital de televisão aberta, nem recepção por antena parabólica e nem acesso a serviço de televisão por assinatura",2,Rural
2,Grande Região,2,%,2.8,3,Sudeste,2016,2016,10596,"Coeficiente de variação - Moradores em domicílios com televisão que não tinham conversor para receber o sinal digital de televisão aberta, nem recepção por antena parabólica e nem acesso a serviço de televisão por assinatura",6795,Total
2,Grande Região,2,%,2.9,3,Sudeste,2016,2016,10596,"Coeficiente de variação - Moradores em domicílios com televisão que não tinham conversor para receber o sinal digital de televisão aberta, nem recepção por antena parabólica e nem acesso a serviço de televisão por assinatura",1,Urbana
2,Grande Região,2,%,8.5,3,Sudeste,2016,2016,10596,"Coeficiente de variação - Moradores em domicílios com televisão que não tinham conversor para receber o sinal digital de televisão aberta, nem recepção por antena parabólica e nem acesso a serviço de televisão por assinatura",2,Rural
2,Grande Região,48,Mil unidades,1296,3,Sudeste,2017,2017,10591,"Domicílios com televisão que não tinham conversor para receber o sinal digital de televisão aberta, nem recepção por antena parabólica e nem acesso a serviço de televisão por assinatura",6795,Total
2,Grande Região,48,Mil unidades,1198,3,Sudeste,2017,2017,10591,"Domicílios com televisão que não tinham conversor para receber o sinal digital de televisão aberta, nem recepção por antena parabólica e nem acesso a serviço de televisão por assinatura",1,Urbana
2,Grande Região,48,Mil unidades,98,3,Sudeste,2017,2017,10591,"Domicílios com televisão que não tinham conversor para receber o sinal digital de televisão aberta, nem recepção por antena parabólica e nem acesso a serviço de televisão por assinatura",2,Rural
2,Grande Região,2,%,3.4,3,Sudeste,2017,2017,10592,"Coeficiente de variação - Domicílios com televisão que não tinham conversor para receber o sinal digital de televisão aberta, nem recepção por antena parabólica e nem acesso a serviço de televisão por assinatura",6795,Total
2,Grande Região,2,%,3.6,3,Sudeste,2017,2017,10592,"Coeficiente de variação - Domicílios com televisão que não tinham conversor para receber o sinal digital de televisão aberta, nem recepção por antena parabólica e nem acesso a serviço de televisão por assinatura",1,Urbana
2,Grande Região,2,%,7.7,3,Sudeste,2017,2017,10592,"Coeficiente de variação - Domicílios com televisão que não tinham conversor para receber o sinal digital de televisão aberta, nem recepção por antena parabólica e nem acesso a serviço de televisão por assinatura",2,Rural
2,Grande Região,1572,Mil pessoas,3492,3,Sudeste,2017,2017,10595,"Moradores em domicílios com televisão que não tinham conversor para receber o sinal digital de televisão aberta, nem recepção por antena parabólica e nem acesso a serviço de televisão por assinatura",6795,Total
2,Grande Região,1572,Mil pessoas,3214,3,Sudeste,2017,2017,10595,"Moradores em domicílios com televisão que não tinham conversor para receber o sinal digital de televisão aberta, nem recepção por antena parabólica e nem acesso a serviço de televisão por assinatura",1,Urbana
2,Grande Região,1572,Mil pessoas,279,3,Sudeste,2017,2017,10595,"Moradores em domicílios com televisão que não tinham conversor para receber o sinal digital de televisão aberta, nem recepção por antena parabólica e nem acesso a serviço de televisão por assinatura",2,Rural
2,Grande Região,2,%,4,3,Sudeste,2017,2017,10596,"Coeficiente de variação - Moradores em domicílios com televisão que não tinham conversor para receber o sinal digital de televisão aberta, nem recepção por antena parabólica e nem acesso a serviço de televisão por assinatura",6795,Total
2,Grande Região,2,%,4.2,3,Sudeste,2017,2017,10596,"Coeficiente de variação - Moradores em domicílios com televisão que não tinham conversor para receber o sinal digital de televisão aberta, nem recepção por antena parabólica e nem acesso a serviço de televisão por assinatura",1,Urbana
2,Grande Região,2,%,8.9,3,Sudeste,2017,2017,10596,"Coeficiente de variação - Moradores em domicílios com televisão que não tinham conversor para receber o sinal digital de televisão aberta, nem recepção por antena parabólica e nem acesso a serviço de televisão por assinatura",2,Rural
2,Grande Região,48,Mil unidades,653,3,Sudeste,2018,2018,10591,"Domicílios com televisão que não tinham conversor para receber o sinal digital de televisão aberta, nem recepção por antena parabólica e nem acesso a serviço de televisão por assinatura",6795,Total
2,Grande Região,48,Mil unidades,585,3,Sudeste,2018,2018,10591,"Domicílios com televisão que não tinham conversor para receber o sinal digital de televisão aberta, nem recepção por antena parabólica e nem acesso a serviço de televisão por assinatura",1,Urbana
2,Grande Região,48,Mil unidades,68,3,Sudeste,2018,2018,10591,"Domicílios com televisão que não tinham conversor para receber o sinal digital de televisão aberta, nem recepção por antena parabólica e nem acesso a serviço de televisão por assinatura",2,Rural
2,Grande Região,2,%,4.7,3,Sudeste,2018,2018,10592,"Coeficiente de variação - Domicílios com televisão que não tinham conversor para receber o sinal digital de televisão aberta, nem recepção por antena parabólica e nem acesso a serviço de televisão por assinatura",6795,Total
2,Grande Região,2,%,5.1,3,Sudeste,2018,2018,10592,"Coeficiente de variação - Domicílios com televisão que não tinham conversor para receber o sinal digital de televisão aberta, nem recepção por antena parabólica e nem acesso a serviço de televisão por assinatura",1,Urbana
2,Grande Região,2,%,8.2,3,Sudeste,2018,2018,10592,"Coeficiente de variação - Domicílios com televisão que não tinham conversor para receber o sinal digital de televisão aberta, nem recepção por antena parabólica e nem acesso a serviço de televisão por assinatura",2,Rural
2,Grande Região,1572,Mil pessoas,1700,3,Sudeste,2018,2018,10595,"Moradores em domicílios com televisão que não tinham conversor para receber o sinal digital de televisão aberta, nem recepção por antena parabólica e nem acesso a serviço de televisão por assinatura",6795,Total
2,Grande Região,1572,Mil pessoas,1510,3,Sudeste,2018,2018,10595,"Moradores em domicílios com televisão que não tinham conversor para receber o sinal digital de televisão aberta, nem recepção por antena parabólica e nem acesso a serviço de televisão por assinatura",1,Urbana
2,Grande Região,1572,Mil pessoas,190,3,Sudeste,2018,2018,10595,"Moradores em domicílios com televisão que não tinham conversor para receber o sinal digital de televisão aberta, nem recepção por antena parabólica e nem acesso a serviço de televisão por assinatura",2,Rural
2,Grande Região,2,%,5,3,Sudeste,2018,2018,10596,"Coeficiente de variação - Moradores em domicílios com televisão que não tinham conversor para receber o sinal digital de televisão aberta, nem recepção por antena parabólica e nem acesso a serviço de televisão por assinatura",6795,Total
2,Grande Região,2,%,5.6,3,Sudeste,2018,2018,10596,"Coeficiente de variação - Moradores em domicílios com televisão que não tinham conversor para receber o sinal digital de televisão aberta, nem recepção por antena parabólica e nem acesso a serviço de televisão por assinatura",1,Urbana
2,Grande Região,2,%,9.2,3,Sudeste,2018,2018,10596,"Coeficiente de variação - Moradores em domicílios com televisão que não tinham conversor para receber o sinal digital de televisão aberta, nem recepção por antena parabólica e nem acesso a serviço de televisão por assinatura",2,Rural
2,Grande Região,48,Mil unidades,487,3,Sudeste,2019,2019,10591,"Domicílios com televisão que não tinham conversor para receber o sinal digital de televisão aberta, nem recepção por antena parabólica e nem acesso a serviço de televisão por assinatura",6795,Total
2,Grande Região,48,Mil unidades,436,3,Sudeste,2019,2019,10591,"Domicílios com televisão que não tinham conversor para receber o sinal digital de televisão aberta, nem recepção por antena parabólica e nem acesso a serviço de televisão por assinatura",1,Urbana
2,Grande Região,48,Mil unidades,52,3,Sudeste,2019,2019,10591,"Domicílios com televisão que não tinham conversor para receber o sinal digital de televisão aberta, nem recepção por antena parabólica e nem acesso a serviço de televisão por assinatura",2,Rural
2,Grande Região,2,%,5.2,3,Sudeste,2019,2019,10592,"Coeficiente de variação - Domicílios com televisão que não tinham conversor para receber o sinal digital de televisão aberta, nem recepção por antena parabólica e nem acesso a serviço de televisão por assinatura",6795,Total
2,Grande Região,2,%,5.9,3,Sudeste,2019,2019,10592,"Coeficiente de variação - Domicílios com televisão que não tinham conversor para receber o sinal digital de televisão aberta, nem recepção por antena parabólica e nem acesso a serviço de televisão por assinatura",1,Urbana
2,Grande Região,2,%,8.7,3,Sudeste,2019,2019,10592,"Coeficiente de variação - Domicílios com televisão que não tinham conversor para receber o sinal digital de televisão aberta, nem recepção por antena parabólica e nem acesso a serviço de televisão por assinatura",2,Rural
2,Grande Região,1572,Mil pessoas,1242,3,Sudeste,2019,2019,10595,"Moradores em domicílios com televisão que não tinham conversor para receber o sinal digital de televisão aberta, nem recepção por antena parabólica e nem acesso a serviço de televisão por assinatura",6795,Total
2,Grande Região,1572,Mil pessoas,1100,3,Sudeste,2019,2019,10595,"Moradores em domicílios com televisão que não tinham conversor para receber o sinal digital de televisão aberta, nem recepção por antena parabólica e nem acesso a serviço de televisão por assinatura",1,Urbana
2,Grande Região,1572,Mil pessoas,142,3,Sudeste,2019,2019,10595,"Moradores em domicílios com televisão que não tinham conversor para receber o sinal digital de televisão aberta, nem recepção por antena parabólica e nem acesso a serviço de televisão por assinatura",2,Rural
2,Grande Região,2,%,5.6,3,Sudeste,2019,2019,10596,"Coeficiente de variação - Moradores em domicílios com televisão que não tinham conversor para receber o sinal digital de televisão aberta, nem recepção por antena parabólica e nem acesso a serviço de televisão por assinatura",6795,Total
2,Grande Região,2,%,6.4,3,Sudeste,2019,2019,10596,"Coeficiente de variação - Moradores em domicílios com televisão que não tinham conversor para receber o sinal digital de televisão aberta, nem recepção por antena parabólica e nem acesso a serviço de televisão por assinatura",1,Urbana
2,Grande Região,2,%,10.6,3,Sudeste,2019,2019,10596,"Coeficiente de variação - Moradores em domicílios com televisão que não tinham conversor para receber o sinal digital de televisão aberta, nem recepção por antena parabólica e nem acesso a serviço de televisão por assinatura",2,Rural
2,Grande Região,48,Mil unidades,500,3,Sudeste,2021,2021,10591,"Domicílios com televisão que não tinham conversor para receber o sinal digital de televisão aberta, nem recepção por antena parabólica e nem acesso a serviço de televisão por assinatura",6795,Total
2,Grande Região,48,Mil unidades,430,3,Sudeste,2021,2021,10591,"Domicílios com televisão que não tinham conversor para receber o sinal digital de televisão aberta, nem recepção por antena parabólica e nem acesso a serviço de televisão por assinatura",1,Urbana
2,Grande Região,48,Mil unidades,70,3,Sudeste,2021,2021,10591,"Domicílios com televisão que não tinham conversor para receber o sinal digital de televisão aberta, nem recepção por antena parabólica e nem acesso a serviço de televisão por assinatura",2,Rural
2,Grande Região,2,%,5.4,3,Sudeste,2021,2021,10592,"Coeficiente de variação - Domicílios com televisão que não tinham conversor para receber o sinal digital de televisão aberta, nem recepção por antena parabólica e nem acesso a serviço de televisão por assinatura",6795,Total
2,Grande Região,2,%,6,3,Sudeste,2021,2021,10592,"Coeficiente de variação - Domicílios com televisão que não tinham conversor para receber o sinal digital de televisão aberta, nem recepção por antena parabólica e nem acesso a serviço de televisão por assinatura",1,Urbana
2,Grande Região,2,%,10.2,3,Sudeste,2021,2021,10592,"Coeficiente de variação - Domicílios com televisão que não tinham conversor para receber o sinal digital de televisão aberta, nem recepção por antena parabólica e nem acesso a serviço de televisão por assinatura",2,Rural
2,Grande Região,1572,Mil pessoas,1344,3,Sudeste,2021,2021,10595,"Moradores em domicílios com televisão que não tinham conversor para receber o sinal digital de televisão aberta, nem recepção por antena parabólica e nem acesso a serviço de televisão por assinatura",6795,Total
2,Grande Região,1572,Mil pessoas,1129,3,Sudeste,2021,2021,10595,"Moradores em domicílios com televisão que não tinham conversor para receber o sinal digital de televisão aberta, nem recepção por antena parabólica e nem acesso a serviço de televisão por assinatura",1,Urbana
2,Grande Região,1572,Mil pessoas,216,3,Sudeste,2021,2021,10595,"Moradores em domicílios com televisão que não tinham conversor para receber o sinal digital de televisão aberta, nem recepção por antena parabólica e nem acesso a serviço de televisão por assinatura",2,Rural
2,Grande Região,2,%,6.1,3,Sudeste,2021,2021,10596,"Coeficiente de variação - Moradores em domicílios com televisão que não tinham conversor para receber o sinal digital de televisão aberta, nem recepção por antena parabólica e nem acesso a serviço de televisão por assinatura",6795,Total
2,Grande Região,2,%,6.9,3,Sudeste,2021,2021,10596,"Coeficiente de variação - Moradores em domicílios com televisão que não tinham conversor para receber o sinal digital de televisão aberta, nem recepção por antena parabólica e nem acesso a serviço de televisão por assinatura",1,Urbana
2,Grande Região,2,%,12.5,3,Sudeste,2021,2021,10596,"Coeficiente de variação - Moradores em domicílios com televisão que não tinham conversor para receber o sinal digital de televisão aberta, nem recepção por antena parabólica e nem acesso a serviço de televisão por assinatura",2,Rural
2,Grande Região,48,Mil unidades,906,4,Sul,2016,2016,10591,"Domicílios com televisão que não tinham conversor para receber o sinal digital de televisão aberta, nem recepção por antena parabólica e nem acesso a serviço de televisão por assinatura",6795,Total
2,Grande Região,48,Mil unidades,803,4,Sul,2016,2016,10591,"Domicílios com televisão que não tinham conversor para receber o sinal digital de televisão aberta, nem recepção por antena parabólica e nem acesso a serviço de televisão por assinatura",1,Urbana
2,Grande Região,48,Mil unidades,103,4,Sul,2016,2016,10591,"Domicílios com televisão que não tinham conversor para receber o sinal digital de televisão aberta, nem recepção por antena parabólica e nem acesso a serviço de televisão por assinatura",2,Rural
2,Grande Região,2,%,3.2,4,Sul,2016,2016,10592,"Coeficiente de variação - Domicílios com televisão que não tinham conversor para receber o sinal digital de televisão aberta, nem recepção por antena parabólica e nem acesso a serviço de televisão por assinatura",6795,Total
2,Grande Região,2,%,3.5,4,Sul,2016,2016,10592,"Coeficiente de variação - Domicílios com televisão que não tinham conversor para receber o sinal digital de televisão aberta, nem recepção por antena parabólica e nem acesso a serviço de televisão por assinatura",1,Urbana
2,Grande Região,2,%,7.3,4,Sul,2016,2016,10592,"Coeficiente de variação - Domicílios com televisão que não tinham conversor para receber o sinal digital de televisão aberta, nem recepção por antena parabólica e nem acesso a serviço de televisão por assinatura",2,Rural
2,Grande Região,1572,Mil pessoas,2415,4,Sul,2016,2016,10595,"Moradores em domicílios com televisão que não tinham conversor para receber o sinal digital de televisão aberta, nem recepção por antena parabólica e nem acesso a serviço de televisão por assinatura",6795,Total
2,Grande Região,1572,Mil pessoas,2138,4,Sul,2016,2016,10595,"Moradores em domicílios com televisão que não tinham conversor para receber o sinal digital de televisão aberta, nem recepção por antena parabólica e nem acesso a serviço de televisão por assinatura",1,Urbana
2,Grande Região,1572,Mil pessoas,278,4,Sul,2016,2016,10595,"Moradores em domicílios com televisão que não tinham conversor para receber o sinal digital de televisão aberta, nem recepção por antena parabólica e nem acesso a serviço de televisão por assinatura",2,Rural
2,Grande Região,2,%,3.6,4,Sul,2016,2016,10596,"Coeficiente de variação - Moradores em domicílios com televisão que não tinham conversor para receber o sinal digital de televisão aberta, nem recepção por antena parabólica e nem acesso a serviço de televisão por assinatura",6795,Total
2,Grande Região,2,%,4,4,Sul,2016,2016,10596,"Coeficiente de variação - Moradores em domicílios com televisão que não tinham conversor para receber o sinal digital de televisão aberta, nem recepção por antena parabólica e nem acesso a serviço de televisão por assinatura",1,Urbana
2,Grande Região,2,%,8.1,4,Sul,2016,2016,10596,"Coeficiente de variação - Moradores em domicílios com televisão que não tinham conversor para receber o sinal digital de televisão aberta, nem recepção por antena parabólica e nem acesso a serviço de televisão por assinatura",2,Rural
2,Grande Região,48,Mil unidades,663,4,Sul,2017,2017,10591,"Domicílios com televisão que não tinham conversor para receber o sinal digital de televisão aberta, nem recepção por antena parabólica e nem acesso a serviço de televisão por assinatura",6795,Total
2,Grande Região,48,Mil unidades,580,4,Sul,2017,2017,10591,"Domicílios com televisão que não tinham conversor para receber o sinal digital de televisão aberta, nem recepção por antena parabólica e nem acesso a serviço de televisão por assinatura",1,Urbana
2,Grande Região,48,Mil unidades,83,4,Sul,2017,2017,10591,"Domicílios com televisão que não tinham conversor para receber o sinal digital de televisão aberta, nem recepção por antena parabólica e nem acesso a serviço de televisão por assinatura",2,Rural
2,Grande Região,2,%,3.5,4,Sul,2017,2017,10592,"Coeficiente de variação - Domicílios com televisão que não tinham conversor para receber o sinal digital de televisão aberta, nem recepção por antena parabólica e nem acesso a serviço de televisão por assinatura",6795,Total
2,Grande Região,2,%,3.9,4,Sul,2017,2017,10592,"Coeficiente de variação - Domicílios com televisão que não tinham conversor para receber o sinal digital de televisão aberta, nem recepção por antena parabólica e nem acesso a serviço de televisão por assinatura",1,Urbana
2,Grande Região,2,%,6.8,4,Sul,2017,2017,10592,"Coeficiente de variação - Domicílios com televisão que não tinham conversor para receber o sinal digital de televisão aberta, nem recepção por antena parabólica e nem acesso a serviço de televisão por assinatura",2,Rural
2,Grande Região,1572,Mil pessoas,1746,4,Sul,2017,2017,10595,"Moradores em domicílios com televisão que não tinham conversor para receber o sinal digital de televisão aberta, nem recepção por antena parabólica e nem acesso a serviço de televisão por assinatura",6795,Total
2,Grande Região,1572,Mil pessoas,1526,4,Sul,2017,2017,10595,"Moradores em domicílios com televisão que não tinham conversor para receber o sinal digital de televisão aberta, nem recepção por antena parabólica e nem acesso a serviço de televisão por assinatura",1,Urbana
2,Grande Região,1572,Mil pessoas,220,4,Sul,2017,2017,10595,"Moradores em domicílios com televisão que não tinham conversor para receber o sinal digital de televisão aberta, nem recepção por antena parabólica e nem acesso a serviço de televisão por assinatura",2,Rural
2,Grande Região,2,%,4.2,4,Sul,2017,2017,10596,"Coeficiente de variação - Moradores em domicílios com televisão que não tinham conversor para receber o sinal digital de televisão aberta, nem recepção por antena parabólica e nem acesso a serviço de televisão por assinatura",6795,Total
2,Grande Região,2,%,4.8,4,Sul,2017,2017,10596,"Coeficiente de variação - Moradores em domicílios com televisão que não tinham conversor para receber o sinal digital de televisão aberta, nem recepção por antena parabólica e nem acesso a serviço de televisão por assinatura",1,Urbana
2,Grande Região,2,%,7.6,4,Sul,2017,2017,10596,"Coeficiente de variação - Moradores em domicílios com televisão que não tinham conversor para receber o sinal digital de televisão aberta, nem recepção por antena parabólica e nem acesso a serviço de televisão por assinatura",2,Rural
2,Grande Região,48,Mil unidades,297,4,Sul,2018,2018,10591,"Domicílios com televisão que não tinham conversor para receber o sinal digital de televisão aberta, nem recepção por antena parabólica e nem acesso a serviço de televisão por assinatura",6795,Total
2,Grande Região,48,Mil unidades,250,4,Sul,2018,2018,10591,"Domicílios com televisão que não tinham conversor para receber o sinal digital de televisão aberta, nem recepção por antena parabólica e nem acesso a serviço de televisão por assinatura",1,Urbana
2,Grande Região,48,Mil unidades,47,4,Sul,2018,2018,10591,"Domicílios com televisão que não tinham conversor para receber o sinal digital de televisão aberta, nem recepção por antena parabólica e nem acesso a serviço de televisão por assinatura",2,Rural
2,Grande Região,2,%,5.2,4,Sul,2018,2018,10592,"Coeficiente de variação - Domicílios com televisão que não tinham conversor para receber o sinal digital de televisão aberta, nem recepção por antena parabólica e nem acesso a serviço de televisão por assinatura",6795,Total
2,Grande Região,2,%,5.6,4,Sul,2018,2018,10592,"Coeficiente de variação - Domicílios com televisão que não tinham conversor para receber o sinal digital de televisão aberta, nem recepção por antena parabólica e nem acesso a serviço de televisão por assinatura",1,Urbana
2,Grande Região,2,%,10.4,4,Sul,2018,2018,10592,"Coeficiente de variação - Domicílios com televisão que não tinham conversor para receber o sinal digital de televisão aberta, nem recepção por antena parabólica e nem acesso a serviço de televisão por assinatura",2,Rural
2,Grande Região,1572,Mil pessoas,782,4,Sul,2018,2018,10595,"Moradores em domicílios com televisão que não tinham conversor para receber o sinal digital de televisão aberta, nem recepção por antena parabólica e nem acesso a serviço de televisão por assinatura",6795,Total
2,Grande Região,1572,Mil pessoas,653,4,Sul,2018,2018,10595,"Moradores em domicílios com televisão que não tinham conversor para receber o sinal digital de televisão aberta, nem recepção por antena parabólica e nem acesso a serviço de televisão por assinatura",1,Urbana
2,Grande Região,1572,Mil pessoas,130,4,Sul,2018,2018,10595,"Moradores em domicílios com televisão que não tinham conversor para receber o sinal digital de televisão aberta, nem recepção por antena parabólica e nem acesso a serviço de televisão por assinatura",2,Rural
2,Grande Região,2,%,5.7,4,Sul,2018,2018,10596,"Coeficiente de variação - Moradores em domicílios com televisão que não tinham conversor para receber o sinal digital de televisão aberta, nem recepção por antena parabólica e nem acesso a serviço de televisão por assinatura",6795,Total
2,Grande Região,2,%,6.3,4,Sul,2018,2018,10596,"Coeficiente de variação - Moradores em domicílios com televisão que não tinham conversor para receber o sinal digital de televisão aberta, nem recepção por antena parabólica e nem acesso a serviço de televisão por assinatura",1,Urbana
2,Grande Região,2,%,11.4,4,Sul,2018,2018,10596,"Coeficiente de variação - Moradores em domicílios com televisão que não tinham conversor para receber o sinal digital de televisão aberta, nem recepção por antena parabólica e nem acesso a serviço de televisão por assinatura",2,Rural
2,Grande Região,48,Mil unidades,227,4,Sul,2019,2019,10591,"Domicílios com televisão que não tinham conversor para receber o sinal digital de televisão aberta, nem recepção por antena parabólica e nem acesso a serviço de televisão por assinatura",6795,Total
2,Grande Região,48,Mil unidades,189,4,Sul,2019,2019,10591,"Domicílios com televisão que não tinham conversor para receber o sinal digital de televisão aberta, nem recepção por antena parabólica e nem acesso a serviço de televisão por assinatura",1,Urbana
2,Grande Região,48,Mil unidades,39,4,Sul,2019,2019,10591,"Domicílios com televisão que não tinham conversor para receber o sinal digital de televisão aberta, nem recepção por antena parabólica e nem acesso a serviço de televisão por assinatura",2,Rural
2,Grande Região,2,%,6.3,4,Sul,2019,2019,10592,"Coeficiente de variação - Domicílios com televisão que não tinham conversor para receber o sinal digital de televisão aberta, nem recepção por antena parabólica e nem acesso a serviço de televisão por assinatura",6795,Total
2,Grande Região,2,%,7.4,4,Sul,2019,2019,10592,"Coeficiente de variação - Domicílios com televisão que não tinham conversor para receber o sinal digital de televisão aberta, nem recepção por antena parabólica e nem acesso a serviço de televisão por assinatura",1,Urbana
2,Grande Região,2,%,12.1,4,Sul,2019,2019,10592,"Coeficiente de variação - Domicílios com televisão que não tinham conversor para receber o sinal digital de televisão aberta, nem recepção por antena parabólica e nem acesso a serviço de televisão por assinatura",2,Rural
2,Grande Região,1572,Mil pessoas,612,4,Sul,2019,2019,10595,"Moradores em domicílios com televisão que não tinham conversor para receber o sinal digital de televisão aberta, nem recepção por antena parabólica e nem acesso a serviço de televisão por assinatura",6795,Total
2,Grande Região,1572,Mil pessoas,500,4,Sul,2019,2019,10595,"Moradores em domicílios com televisão que não tinham conversor para receber o sinal digital de televisão aberta, nem recepção por antena parabólica e nem acesso a serviço de televisão por assinatura",1,Urbana
2,Grande Região,1572,Mil pessoas,113,4,Sul,2019,2019,10595,"Moradores em domicílios com televisão que não tinham conversor para receber o sinal digital de televisão aberta, nem recepção por antena parabólica e nem acesso a serviço de televisão por assinatura",2,Rural
2,Grande Região,2,%,7.7,4,Sul,2019,2019,10596,"Coeficiente de variação - Moradores em domicílios com televisão que não tinham conversor para receber o sinal digital de televisão aberta, nem recepção por antena parabólica e nem acesso a serviço de televisão por assinatura",6795,Total
2,Grande Região,2,%,9,4,Sul,2019,2019,10596,"Coeficiente de variação - Moradores em domicílios com televisão que não tinham conversor para receber o sinal digital de televisão aberta, nem recepção por antena parabólica e nem acesso a serviço de televisão por assinatura",1,Urbana
2,Grande Região,2,%,14,4,Sul,2019,2019,10596,"Coeficiente de variação - Moradores em domicílios com televisão que não tinham conversor para receber o sinal digital de televisão aberta, nem recepção por antena parabólica e nem acesso a serviço de televisão por assinatura",2,Rural
2,Grande Região,48,Mil unidades,218,4,Sul,2021,2021,10591,"Domicílios com televisão que não tinham conversor para receber o sinal digital de televisão aberta, nem recepção por antena parabólica e nem acesso a serviço de televisão por assinatura",6795,Total
2,Grande Região,48,Mil unidades,182,4,Sul,2021,2021,10591,"Domicílios com televisão que não tinham conversor para receber o sinal digital de televisão aberta, nem recepção por antena parabólica e nem acesso a serviço de televisão por assinatura",1,Urbana
2,Grande Região,48,Mil unidades,36,4,Sul,2021,2021,10591,"Domicílios com televisão que não tinham conversor para receber o sinal digital de televisão aberta, nem recepção por antena parabólica e nem acesso a serviço de televisão por assinatura",2,Rural
2,Grande Região,2,%,6.3,4,Sul,2021,2021,10592,"Coeficiente de variação - Domicílios com televisão que não tinham conversor para receber o sinal digital de televisão aberta, nem recepção por antena parabólica e nem acesso a serviço de televisão por assinatura",6795,Total
2,Grande Região,2,%,7.3,4,Sul,2021,2021,10592,"Coeficiente de variação - Domicílios com televisão que não tinham conversor para receber o sinal digital de televisão aberta, nem recepção por antena parabólica e nem acesso a serviço de televisão por assinatura",1,Urbana
2,Grande Região,2,%,9.6,4,Sul,2021,2021,10592,"Coeficiente de variação - Domicílios com televisão que não tinham conversor para receber o sinal digital de televisão aberta, nem recepção por antena parabólica e nem acesso a serviço de televisão por assinatura",2,Rural
2,Grande Região,1572,Mil pessoas,596,4,Sul,2021,2021,10595,"Moradores em domicílios com televisão que não tinham conversor para receber o sinal digital de televisão aberta, nem recepção por antena parabólica e nem acesso a serviço de televisão por assinatura",6795,Total
2,Grande Região,1572,Mil pessoas,492,4,Sul,2021,2021,10595,"Moradores em domicílios com televisão que não tinham conversor para receber o sinal digital de televisão aberta, nem recepção por antena parabólica e nem acesso a serviço de televisão por assinatura",1,Urbana
2,Grande Região,1572,Mil pessoas,104,4,Sul,2021,2021,10595,"Moradores em domicílios com televisão que não tinham conversor para receber o sinal digital de televisão aberta, nem recepção por antena parabólica e nem acesso a serviço de televisão por assinatura",2,Rural
2,Grande Região,2,%,7.3,4,Sul,2021,2021,10596,"Coeficiente de variação - Moradores em domicílios com televisão que não tinham conversor para receber o sinal digital de televisão aberta, nem recepção por antena parabólica e nem acesso a serviço de televisão por assinatura",6795,Total
2,Grande Região,2,%,8.5,4,Sul,2021,2021,10596,"Coeficiente de variação - Moradores em domicílios com televisão que não tinham conversor para receber o sinal digital de televisão aberta, nem recepção por antena parabólica e nem acesso a serviço de televisão por assinatura",1,Urbana
2,Grande Região,2,%,12,4,Sul,2021,2021,10596,"Coeficiente de variação - Moradores em domicílios com televisão que não tinham conversor para receber o sinal digital de televisão aberta, nem recepção por antena parabólica e nem acesso a serviço de televisão por assinatura",2,Rural
2,Grande Região,48,Mil unidades,419,5,Centro-Oeste,2016,2016,10591,"Domicílios com televisão que não tinham conversor para receber o sinal digital de televisão aberta, nem recepção por antena parabólica e nem acesso a serviço de televisão por assinatura",6795,Total
2,Grande Região,48,Mil unidades,393,5,Centro-Oeste,2016,2016,10591,"Domicílios com televisão que não tinham conversor para receber o sinal digital de televisão aberta, nem recepção por antena parabólica e nem acesso a serviço de televisão por assinatura",1,Urbana
2,Grande Região,48,Mil unidades,25,5,Centro-Oeste,2016,2016,10591,"Domicílios com televisão que não tinham conversor para receber o sinal digital de televisão aberta, nem recepção por antena parabólica e nem acesso a serviço de televisão por assinatura",2,Rural
2,Grande Região,2,%,4.4,5,Centro-Oeste,2016,2016,10592,"Coeficiente de variação - Domicílios com televisão que não tinham conversor para receber o sinal digital de televisão aberta, nem recepção por antena parabólica e nem acesso a serviço de televisão por assinatura",6795,Total
2,Grande Região,2,%,4.5,5,Centro-Oeste,2016,2016,10592,"Coeficiente de variação - Domicílios com televisão que não tinham conversor para receber o sinal digital de televisão aberta, nem recepção por antena parabólica e nem acesso a serviço de televisão por assinatura",1,Urbana
2,Grande Região,2,%,18.1,5,Centro-Oeste,2016,2016,10592,"Coeficiente de variação - Domicílios com televisão que não tinham conversor para receber o sinal digital de televisão aberta, nem recepção por antena parabólica e nem acesso a serviço de televisão por assinatura",2,Rural
2,Grande Região,1572,Mil pessoas,1187,5,Centro-Oeste,2016,2016,10595,"Moradores em domicílios com televisão que não tinham conversor para receber o sinal digital de televisão aberta, nem recepção por antena parabólica e nem acesso a serviço de televisão por assinatura",6795,Total
2,Grande Região,1572,Mil pessoas,1115,5,Centro-Oeste,2016,2016,10595,"Moradores em domicílios com televisão que não tinham conversor para receber o sinal digital de televisão aberta, nem recepção por antena parabólica e nem acesso a serviço de televisão por assinatura",1,Urbana
2,Grande Região,1572,Mil pessoas,72,5,Centro-Oeste,2016,2016,10595,"Moradores em domicílios com televisão que não tinham conversor para receber o sinal digital de televisão aberta, nem recepção por antena parabólica e nem acesso a serviço de televisão por assinatura",2,Rural
2,Grande Região,2,%,4.7,5,Centro-Oeste,2016,2016,10596,"Coeficiente de variação - Moradores em domicílios com televisão que não tinham conversor para receber o sinal digital de televisão aberta, nem recepção por antena parabólica e nem acesso a serviço de televisão por assinatura",6795,Total
2,Grande Região,2,%,4.9,5,Centro-Oeste,2016,2016,10596,"Coeficiente de variação - Moradores em domicílios com televisão que não tinham conversor para receber o sinal digital de televisão aberta, nem recepção por antena parabólica e nem acesso a serviço de televisão por assinatura",1,Urbana
2,Grande Região,2,%,18.5,5,Centro-Oeste,2016,2016,10596,"Coeficiente de variação - Moradores em domicílios com televisão que não tinham conversor para receber o sinal digital de televisão aberta, nem recepção por antena parabólica e nem acesso a serviço de televisão por assinatura",2,Rural
2,Grande Região,48,Mil unidades,220,5,Centro-Oeste,2017,2017,10591,"Domicílios com televisão que não tinham conversor para receber o sinal digital de televisão aberta, nem recepção por antena parabólica e nem acesso a serviço de televisão por assinatura",6795,Total
2,Grande Região,48,Mil unidades,203,5,Centro-Oeste,2017,2017,10591,"Domicílios com televisão que não tinham conversor para receber o sinal digital de televisão aberta, nem recepção por antena parabólica e nem acesso a serviço de televisão por assinatura",1,Urbana
2,Grande Região,48,Mil unidades,17,5,Centro-Oeste,2017,2017,10591,"Domicílios com televisão que não tinham conversor para receber o sinal digital de televisão aberta, nem recepção por antena parabólica e nem acesso a serviço de televisão por assinatura",2,Rural
2,Grande Região,2,%,5.2,5,Centro-Oeste,2017,2017,10592,"Coeficiente de variação - Domicílios com televisão que não tinham conversor para receber o sinal digital de televisão aberta, nem recepção por antena parabólica e nem acesso a serviço de televisão por assinatura",6795,Total
2,Grande Região,2,%,5.7,5,Centro-Oeste,2017,2017,10592,"Coeficiente de variação - Domicílios com televisão que não tinham conversor para receber o sinal digital de televisão aberta, nem recepção por antena parabólica e nem acesso a serviço de televisão por assinatura",1,Urbana
2,Grande Região,2,%,12.7,5,Centro-Oeste,2017,2017,10592,"Coeficiente de variação - Domicílios com televisão que não tinham conversor para receber o sinal digital de televisão aberta, nem recepção por antena parabólica e nem acesso a serviço de televisão por assinatura",2,Rural
2,Grande Região,1572,Mil pessoas,610,5,Centro-Oeste,2017,2017,10595,"Moradores em domicílios com televisão que não tinham conversor para receber o sinal digital de televisão aberta, nem recepção por antena parabólica e nem acesso a serviço de televisão por assinatura",6795,Total
2,Grande Região,1572,Mil pessoas,561,5,Centro-Oeste,2017,2017,10595,"Moradores em domicílios com televisão que não tinham conversor para receber o sinal digital de televisão aberta, nem recepção por antena parabólica e nem acesso a serviço de televisão por assinatura",1,Urbana
2,Grande Região,1572,Mil pessoas,48,5,Centro-Oeste,2017,2017,10595,"Moradores em domicílios com televisão que não tinham conversor para receber o sinal digital de televisão aberta, nem recepção por antena parabólica e nem acesso a serviço de televisão por assinatura",2,Rural
2,Grande Região,2,%,6.4,5,Centro-Oeste,2017,2017,10596,"Coeficiente de variação - Moradores em domicílios com televisão que não tinham conversor para receber o sinal digital de televisão aberta, nem recepção por antena parabólica e nem acesso a serviço de televisão por assinatura",6795,Total
2,Grande Região,2,%,6.9,5,Centro-Oeste,2017,2017,10596,"Coeficiente de variação - Moradores em domicílios com televisão que não tinham conversor para receber o sinal digital de televisão aberta, nem recepção por antena parabólica e nem acesso a serviço de televisão por assinatura",1,Urbana
2,Grande Região,2,%,14,5,Centro-Oeste,2017,2017,10596,"Coeficiente de variação - Moradores em domicílios com televisão que não tinham conversor para receber o sinal digital de televisão aberta, nem recepção por antena parabólica e nem acesso a serviço de televisão por assinatura",2,Rural
2,Grande Região,48,Mil unidades,140,5,Centro-Oeste,2018,2018,10591,"Domicílios com televisão que não tinham conversor para receber o sinal digital de televisão aberta, nem recepção por antena parabólica e nem acesso a serviço de televisão por assinatura",6795,Total
2,Grande Região,48,Mil unidades,127,5,Centro-Oeste,2018,2018,10591,"Domicílios com televisão que não tinham conversor para receber o sinal digital de televisão aberta, nem recepção por antena parabólica e nem acesso a serviço de televisão por assinatura",1,Urbana
2,Grande Região,48,Mil unidades,13,5,Centro-Oeste,2018,2018,10591,"Domicílios com televisão que não tinham conversor para receber o sinal digital de televisão aberta, nem recepção por antena parabólica e nem acesso a serviço de televisão por assinatura",2,Rural
2,Grande Região,2,%,6.6,5,Centro-Oeste,2018,2018,10592,"Coeficiente de variação - Domicílios com televisão que não tinham conversor para receber o sinal digital de televisão aberta, nem recepção por antena parabólica e nem acesso a serviço de televisão por assinatura",6795,Total
2,Grande Região,2,%,7.1,5,Centro-Oeste,2018,2018,10592,"Coeficiente de variação - Domicílios com televisão que não tinham conversor para receber o sinal digital de televisão aberta, nem recepção por antena parabólica e nem acesso a serviço de televisão por assinatura",1,Urbana
2,Grande Região,2,%,15,5,Centro-Oeste,2018,2018,10592,"Coeficiente de variação - Domicílios com televisão que não tinham conversor para receber o sinal digital de televisão aberta, nem recepção por antena parabólica e nem acesso a serviço de televisão por assinatura",2,Rural
2,Grande Região,1572,Mil pessoas,378,5,Centro-Oeste,2018,2018,10595,"Moradores em domicílios com televisão que não tinham conversor para receber o sinal digital de televisão aberta, nem recepção por antena parabólica e nem acesso a serviço de televisão por assinatura",6795,Total
2,Grande Região,1572,Mil pessoas,341,5,Centro-Oeste,2018,2018,10595,"Moradores em domicílios com televisão que não tinham conversor para receber o sinal digital de televisão aberta, nem recepção por antena parabólica e nem acesso a serviço de televisão por assinatura",1,Urbana
2,Grande Região,1572,Mil pessoas,37,5,Centro-Oeste,2018,2018,10595,"Moradores em domicílios com televisão que não tinham conversor para receber o sinal digital de televisão aberta, nem recepção por antena parabólica e nem acesso a serviço de televisão por assinatura",2,Rural
2,Grande Região,2,%,7.4,5,Centro-Oeste,2018,2018,10596,"Coeficiente de variação - Moradores em domicílios com televisão que não tinham conversor para receber o sinal digital de televisão aberta, nem recepção por antena parabólica e nem acesso a serviço de televisão por assinatura",6795,Total
2,Grande Região,2,%,8.1,5,Centro-Oeste,2018,2018,10596,"Coeficiente de variação - Moradores em domicílios com televisão que não tinham conversor para receber o sinal digital de televisão aberta, nem recepção por antena parabólica e nem acesso a serviço de televisão por assinatura",1,Urbana
2,Grande Região,2,%,17.3,5,Centro-Oeste,2018,2018,10596,"Coeficiente de variação - Moradores em domicílios com televisão que não tinham conversor para receber o sinal digital de televisão aberta, nem recepção por antena parabólica e nem acesso a serviço de televisão por assinatura",2,Rural
2,Grande Região,48,Mil unidades,128,5,Centro-Oeste,2019,2019,10591,"Domicílios com televisão que não tinham conversor para receber o sinal digital de televisão aberta, nem recepção por antena parabólica e nem acesso a serviço de televisão por assinatura",6795,Total
2,Grande Região,48,Mil unidades,119,5,Centro-Oeste,2019,2019,10591,"Domicílios com televisão que não tinham conversor para receber o sinal digital de televisão aberta, nem recepção por antena parabólica e nem acesso a serviço de televisão por assinatura",1,Urbana
2,Grande Região,48,Mil unidades,9,5,Centro-Oeste,2019,2019,10591,"Domicílios com televisão que não tinham conversor para receber o sinal digital de televisão aberta, nem recepção por antena parabólica e nem acesso a serviço de televisão por assinatura",2,Rural
2,Grande Região,2,%,7,5,Centro-Oeste,2019,2019,10592,"Coeficiente de variação - Domicílios com televisão que não tinham conversor para receber o sinal digital de televisão aberta, nem recepção por antena parabólica e nem acesso a serviço de televisão por assinatura",6795,Total
2,Grande Região,2,%,7.4,5,Centro-Oeste,2019,2019,10592,"Coeficiente de variação - Domicílios com televisão que não tinham conversor para receber o sinal digital de televisão aberta, nem recepção por antena parabólica e nem acesso a serviço de televisão por assinatura",1,Urbana
2,Grande Região,2,%,14.3,5,Centro-Oeste,2019,2019,10592,"Coeficiente de variação - Domicílios com televisão que não tinham conversor para receber o sinal digital de televisão aberta, nem recepção por antena parabólica e nem acesso a serviço de televisão por assinatura",2,Rural
2,Grande Região,1572,Mil pessoas,355,5,Centro-Oeste,2019,2019,10595,"Moradores em domicílios com televisão que não tinham conversor para receber o sinal digital de televisão aberta, nem recepção por antena parabólica e nem acesso a serviço de televisão por assinatura",6795,Total
2,Grande Região,1572,Mil pessoas,327,5,Centro-Oeste,2019,2019,10595,"Moradores em domicílios com televisão que não tinham conversor para receber o sinal digital de televisão aberta, nem recepção por antena parabólica e nem acesso a serviço de televisão por assinatura",1,Urbana
2,Grande Região,1572,Mil pessoas,28,5,Centro-Oeste,2019,2019,10595,"Moradores em domicílios com televisão que não tinham conversor para receber o sinal digital de televisão aberta, nem recepção por antena parabólica e nem acesso a serviço de televisão por assinatura",2,Rural
2,Grande Região,2,%,7,5,Centro-Oeste,2019,2019,10596,"Coeficiente de variação - Moradores em domicílios com televisão que não tinham conversor para receber o sinal digital de televisão aberta, nem recepção por antena parabólica e nem acesso a serviço de televisão por assinatura",6795,Total
2,Grande Região,2,%,7.7,5,Centro-Oeste,2019,2019,10596,"Coeficiente de variação - Moradores em domicílios com televisão que não tinham conversor para receber o sinal digital de televisão aberta, nem recepção por antena parabólica e nem acesso a serviço de televisão por assinatura",1,Urbana
2,Grande Região,2,%,17.4,5,Centro-Oeste,2019,2019,10596,"Coeficiente de variação - Moradores em domicílios com televisão que não tinham conversor para receber o sinal digital de televisão aberta, nem recepção por antena parabólica e nem acesso a serviço de televisão por assinatura",2,Rural
2,Grande Região,48,Mil unidades,95,5,Centro-Oeste,2021,2021,10591,"Domicílios com televisão que não tinham conversor para receber o sinal digital de televisão aberta, nem recepção por antena parabólica e nem acesso a serviço de televisão por assinatura",6795,Total
2,Grande Região,48,Mil unidades,88,5,Centro-Oeste,2021,2021,10591,"Domicílios com televisão que não tinham conversor para receber o sinal digital de televisão aberta, nem recepção por antena parabólica e nem acesso a serviço de televisão por assinatura",1,Urbana
2,Grande Região,48,Mil unidades,8,5,Centro-Oeste,2021,2021,10591,"Domicílios com televisão que não tinham conversor para receber o sinal digital de televisão aberta, nem recepção por antena parabólica e nem acesso a serviço de televisão por assinatura",2,Rural
2,Grande Região,2,%,7.4,5,Centro-Oeste,2021,2021,10592,"Coeficiente de variação - Domicílios com televisão que não tinham conversor para receber o sinal digital de televisão aberta, nem recepção por antena parabólica e nem acesso a serviço de televisão por assinatura",6795,Total
2,Grande Região,2,%,7.7,5,Centro-Oeste,2021,2021,10592,"Coeficiente de variação - Domicílios com televisão que não tinham conversor para receber o sinal digital de televisão aberta, nem recepção por antena parabólica e nem acesso a serviço de televisão por assinatura",1,Urbana
2,Grande Região,2,%,22.8,5,Centro-Oeste,2021,2021,10592,"Coeficiente de variação - Domicílios com televisão que não tinham conversor para receber o sinal digital de televisão aberta, nem recepção por antena parabólica e nem acesso a serviço de televisão por assinatura",2,Rural
2,Grande Região,1572,Mil pessoas,270,5,Centro-Oeste,2021,2021,10595,"Moradores em domicílios com televisão que não tinham conversor para receber o sinal digital de televisão aberta, nem recepção por antena parabólica e nem acesso a serviço de televisão por assinatura",6795,Total
2,Grande Região,1572,Mil pessoas,250,5,Centro-Oeste,2021,2021,10595,"Moradores em domicílios com televisão que não tinham conversor para receber o sinal digital de televisão aberta, nem recepção por antena parabólica e nem acesso a serviço de televisão por assinatura",1,Urbana
2,Grande Região,1572,Mil pessoas,21,5,Centro-Oeste,2021,2021,10595,"Moradores em domicílios com televisão que não tinham conversor para receber o sinal digital de televisão aberta, nem recepção por antena parabólica e nem acesso a serviço de televisão por assinatura",2,Rural
2,Grande Região,2,%,8.2,5,Centro-Oeste,2021,2021,10596,"Coeficiente de variação - Moradores em domicílios com televisão que não tinham conversor para receber o sinal digital de televisão aberta, nem recepção por antena parabólica e nem acesso a serviço de televisão por assinatura",6795,Total
2,Grande Região,2,%,8.4,5,Centro-Oeste,2021,2021,10596,"Coeficiente de variação - Moradores em domicílios com televisão que não tinham conversor para receber o sinal digital de televisão aberta, nem recepção por antena parabólica e nem acesso a serviço de televisão por assinatura",1,Urbana
2,Grande Região,2,%,26.5,5,Centro-Oeste,2021,2021,10596,"Coeficiente de variação - Moradores em domicílios com televisão que não tinham conversor para receber o sinal digital de televisão aberta, nem recepção por antena parabólica e nem acesso a serviço de televisão por assinatura",2,Rural
