scenario,indicator,mean_p_hat,bias_pp,emp_SE_pp,RMSE_pp,MCSE_bias,n_reps,n_avg
S0_landline_only,smoker,13.9,0.015,2.01,2.01,0.064,1000,944
S1_dual_frame,smoker,13.89,0.002,0.16,0.16,0.005,1000,5862
S2_triple_frame,smoker,13.89,0,0.06,0.06,0.002,1000,6022
S3_multimodal,smoker,13.89,0,0,0,0,1000,6050
S0_landline_only,obesity,28.37,0.039,3.01,3.01,0.095,1000,944
S1_dual_frame,obesity,28.32,-0.011,0.23,0.23,0.007,1000,5862
S2_triple_frame,obesity,28.33,0.002,0.09,0.09,0.003,1000,6022
S3_multimodal,obesity,28.33,0,0,0,0,1000,6050
S0_landline_only,hypertension,29.83,0.077,2.65,2.65,0.084,1000,944
S1_dual_frame,hypertension,29.75,-0.005,0.21,0.21,0.007,1000,5862
S2_triple_frame,hypertension,29.76,0.002,0.08,0.08,0.003,1000,6022
S3_multimodal,hypertension,29.75,0,0,0,0,1000,6050
S0_landline_only,diabetes,9.9,0.039,1.82,1.82,0.058,1000,944
S1_dual_frame,diabetes,9.86,-0.002,0.13,0.13,0.004,1000,5862
S2_triple_frame,diabetes,9.86,-0.002,0.06,0.06,0.002,1000,6022
S3_multimodal,diabetes,9.87,0,0,0,0,1000,6050
S0_landline_only,poor_health,7.38,0.002,1.61,1.61,0.051,1000,944
S1_dual_frame,poor_health,7.38,0.001,0.12,0.12,0.004,1000,5862
S2_triple_frame,poor_health,7.38,-0.002,0.05,0.05,0.002,1000,6022
S3_multimodal,poor_health,7.38,0,0,0,0,1000,6050
