year,region,p_landline
2016,Brasil,32.6
2016,Norte,9.5
2016,Nordeste,11.7
2016,Sudeste,46.5
2016,Sul,40.1
2016,Centro-Oeste,28.4
2017,Brasil,29.8
2017,Norte,8.8
2017,Nordeste,10.4
2017,Sudeste,43.3
2017,Sul,37.1
2017,Centro-Oeste,25.6
2018,Brasil,27
2018,Norte,8
2018,Nordeste,9.4
2018,Sudeste,40
2018,Sul,33.6
2018,Centro-Oeste,22.5
2019,Brasil,23.1
2019,Norte,7
2019,Nordeste,8.2
2019,Sudeste,34.4
2019,Sul,28.2
2019,Centro-Oeste,18.7
2021,Brasil,15.6
2021,Norte,5.5
2021,Nordeste,5.9
2021,Sudeste,22.7
2021,Sul,19.5
2021,Centro-Oeste,11.6
2022,Brasil,13.6
2022,Norte,4.8
2022,Nordeste,5.2
2022,Sudeste,19.6
2022,Sul,17
2022,Centro-Oeste,10
2023,Brasil,11.7
2023,Norte,4
2023,Nordeste,4.4
2023,Sudeste,16.9
2023,Sul,14.6
2023,Centro-Oeste,8.8
