sex,indicator,vigitel,pns,diff,lwr,upr,n_v,n_p
F,smoker,7.75,9.93,-2.18,-2.96,-1.35,34089,46869
F,obesity,20.74,32.39,-11.65,-15.13,-8.02,34089,3273
F,hypertension,28.52,30.89,-2.37,-3.62,-1.20,34089,46380
F,diabetes,8.32,9.80,-1.49,-2.23,-0.85,34089,44971
F,poor_health,6.15,7.32,-1.17,-1.80,-0.46,34089,46869
M,smoker,12.08,16.02,-3.95,-5.19,-2.54,18354,41662
M,obesity,19.64,22.40,-2.76,-6.56,0.49,18354,3298
M,hypertension,22.57,23.84,-1.27,-2.72,-0.06,18354,40482
M,diabetes,7.76,8.47,-0.71,-1.47,0.22,18354,37378
M,poor_health,3.38,4.67,-1.29,-1.79,-0.71,18354,41662
