Variable,Vigitel_2019,PNS_2019
n (unweighted),"52,443","88,531"
"Age, mean (SD), years",44.2 (17.4),44.9 (17.2)
Sex: Female,"34,089 (55.0%)","46,869 (53.2%)"
Sex: Male,"18,354 (45.0%)","41,662 (46.8%)"
Education ≤8 yr,"11,638 (29.4%)","35,572 (34.8%)"
Education 9–11 yr,"5,852 (19.3%)","12,005 (14.5%)"
Education ≥12 yr,"19,289 (51.4%)","40,954 (50.8%)"
Race: White,"22,663 (42.7%)","32,409 (43.3%)"
Race: Black,"4,704 (11.9%)","10,132 (11.5%)"
Race: Other (parda/amarela/indígena),"24,557 (45.4%)","45,981 (45.3%)"
Residence: Urban (PNS only),Capitals + DF (urban by definition),"68,220 (86.2%)"
