fonte,ano,arquivo,caminho,bytes,sha256,url,baixado_em
Vigitel,2019,vigitel-2019-peso-rake.zip,./data/raw/vigitel/vigitel-2019-peso-rake.zip,36638956,e26bfa8383686313263cb26bb2a5db072cf77cd7cd37d9b6613d9b73aa78f156,https://svs.aids.gov.br/daent/cgdnt/vigitel/vigitel-2019-peso-rake.zip,2026-08-04 13:25:10
Vigitel,2023,vigitel-2023-peso-rake.zip,./data/raw/vigitel/vigitel-2023-peso-rake.zip,15935870,566fc89d38cafbf2451ff41cd7796ebfce709eb3ae5305fbf69a20acb43dc3b5,https://svs.aids.gov.br/daent/cgdnt/vigitel/vigitel-2023-peso-rake.zip,2026-08-04 13:25:12
Vigitel (documentacao),NA,dicionario-vigitel-2006-2024.xlsx,./data/raw/vigitel/dicionario-vigitel-2006-2024.xlsx,93263,c67e63f6f10c2aae7694f3f67b5d2c897240ecf7f930fd9a2080404bc8df6c4b,https://svs.aids.gov.br/daent/cgdnt/vigitel/dicionario-vigitel-2006-2024.xlsx,2026-08-04 13:25:13
Vigitel (documentacao),NA,orientacoes-vigitel-2006-2024.pdf,./data/raw/vigitel/orientacoes-vigitel-2006-2024.pdf,397987,b5f63bf22f65900c1fbe64c1f54b5bdfbd706505e252cdac795dbfc2ebfe5a64,https://svs.aids.gov.br/daent/cgdnt/vigitel/orientacoes-vigitel-2006-2024.pdf,2026-08-04 13:25:13
Vigitel (documentacao),NA,nota-metodologica-vigitel-2006-2024.pdf,./data/raw/vigitel/nota-metodologica-vigitel-2006-2024.pdf,172210,2d277e554ba7dc664edb10168e4dfc7e34591f152095be8f1336eeb20df752c0,https://svs.aids.gov.br/daent/cgdnt/vigitel/nota-metodologica-vigitel-2006-2024.pdf,2026-08-04 13:25:14
Vigitel (documentacao),NA,vigitel-brasil-2019.pdf,./data/raw/vigitel/vigitel-brasil-2019.pdf,2666535,4be34489633b8802de9ee2474f8387b3802865ce7b6ca420820f87b5fec668e1,https://svs.aids.gov.br/daent/cgdnt/vigitel/vigitel-brasil-2019.pdf,2026-08-04 13:25:15
Vigitel (documentacao),NA,vigitel-brasil-2023.pdf,./data/raw/vigitel/vigitel-brasil-2023.pdf,4446308,b87fba1681e4bdd2997eaaee2c7ef2f35558cd855ff11922c439672a39ec1329,https://svs.aids.gov.br/daent/cgdnt/vigitel/vigitel-brasil-2023.pdf,2026-08-04 13:25:15
PNS (morador selecionado),2019,pns2019_selecionado.rds,./data/raw/pns/pns2019_selecionado.rds,21963785,cc33b46496a0e2d33e1d5e51a4b6da80ff34f99fc93a1ee69123116156748f5f,https://ftp.ibge.gov.br/PNS/2019/Microdados/ via PNSIBGE::get_pns,2026-08-04 13:25:16
PNS (antropometria),2019,pns2019_antropometria.rds,./data/raw/pns/pns2019_antropometria.rds,1864541,6202402389f1dff669068389eb461c9a72b2e0ec2a8adb8ab094dd1b2eed0830,https://ftp.ibge.gov.br/PNS/2019/Microdados/ via PNSIBGE::get_pns,2026-08-04 13:25:16
PNS (dicionario),2019,dicionario_PNS_microdados_2019.xls,./data/raw/pns/dicionario_PNS_microdados_2019.xls,670720,cc484828275f4aa539b1ff4fcbd7bf0addf62adcdc3574e49eaa4561c10faeda,https://ftp.ibge.gov.br/PNS/2019/Microdados/Documentacao/,2026-08-04 13:25:16
PNAD Continua TIC,2019,pnadc2019_tic.rds,./data/raw/pnadc/pnadc2019_tic.rds,4889813,122e98ced00471496d663396b94adc5b4325c7770551b1dd39656815465e704d,https://ftp.ibge.gov.br/Trabalho_e_Rendimento/.../Trimestre_4/ via PNADcIBGE,2026-08-04 13:25:16
Censo (SIDRA 9514),2022,censo2022_pop_capitais.rds,./data/raw/censo/censo2022_pop_capitais.rds,51220,4213419d16f609c76f21084e595f883e04bf62caa75fcc0c35948ba84b7b1deb,"https://apisidra.ibge.gov.br/t/9514/n6/1200401,1302603,1600303,1501402,1100205,1400100,1721000,2704302,2927408,2304400,2111300,2507507,2611606,2211001,2408102,2800308,3205309,3106200,3304557,3550308,4106902,4314902,4205407,5300108,5208707,5103403,5002704/v/93/p/all/c2/allxt/c287/all",2026-08-04 13:25:16
