region,cenario,cenario_rotulo,indicador,rotulo,cobertura,verdadeiro,media_est,vies,empse,rmse,mcse_vies,mcse_empse,mcse_rmse,n_replicas,n_amostra
Norte,S0,S0 fixo apenas,smoking,Tabagismo atual,16.303795593257597,8.18034277905467,3.357473571737338,-4.822869207317331,0.20565734675106606,4.827247667172062,0.006503456332803983,0.004600939119040941,0.00645803921654852,1000,11210
Norte,S1,S1 celular apenas,smoking,Tabagismo atual,97.35187282700377,8.18034277905467,7.248346840033833,-0.9319959390208359,0.28311212558073895,0.9740065469628646,0.008952791500467556,0.006333747246267541,0.008609684318921526,1000,11210
Norte,S2,S2 dual-frame,smoking,Tabagismo atual,97.77259678252358,8.18034277905467,7.242539473954958,-0.9378033050997114,0.2840980850974418,0.97985001367047,0.008983970278002552,0.006355805002928574,0.008575812772417618,1000,11210
Norte,S3,S3 triplo-frame (+web),smoking,Tabagismo atual,98.02999411343468,8.18034277905467,7.2600060316639405,-0.9203367473907287,0.2888111362054728,0.9645455868550978,0.009133010040304135,0.0064612447625848465,0.009230723137405868,1000,11210
Norte,S4,S4 multimodal integral,smoking,Tabagismo atual,100,8.18034277905467,7.485778076145315,-0.6945647029093545,0.30050395541808617,0.7567248186244807,0.009502769450108485,0.006722834976487125,0.008981903927315122,1000,11210
Nordeste,S0,S0 fixo apenas,smoking,Tabagismo atual,24.36295792642717,8.977769804874484,5.765415297948393,-3.212354506926091,0.20457055959572917,3.2188551913541907,0.006469089105377184,0.004576625659706502,0.006421992643463737,1000,18557
Nordeste,S1,S1 celular apenas,smoking,Tabagismo atual,97.45827077490621,8.977769804874484,8.699438603262479,-0.278331201612005,0.27462183734910267,0.39090918918110745,0.008684305012434617,0.006143803634361705,0.007470535641765344,1000,18557
Nordeste,S2,S2 dual-frame,smoking,Tabagismo atual,97.9651150913619,8.977769804874484,8.676302728640321,-0.3014670762341627,0.2783069976101714,0.4101947442216237,0.008800840012111797,0.006226247555150052,0.007519370848375875,1000,18557
Nordeste,S3,S3 triplo-frame (+web),smoking,Tabagismo atual,98.25751692872957,8.977769804874484,8.729539868075912,-0.24822993679857142,0.28520230480529873,0.3779908938514401,0.00901888877114329,0.006380508461035736,0.007724209030092006,1000,18557
Nordeste,S4,S4 multimodal integral,smoking,Tabagismo atual,100,8.977769804874484,9.04943563598256,0.071665831108076,0.283798057218982,0.29256928631077916,0.008974482563427743,0.006349092818683197,0.006771925450984894,1000,18557
Sudeste,S0,S0 fixo apenas,smoking,Tabagismo atual,51.33717628980941,12.854049355991357,11.361788735420886,-1.4922606205704714,0.420572610319729,1.5503374467953637,0.013299673700927802,0.009408995135775144,0.012875775183812147,1000,8226
Sudeste,S1,S1 celular apenas,smoking,Tabagismo atual,96.92176108419378,12.854049355991357,12.47431218627405,-0.3797371697173073,0.4287900780304484,0.5726057877381708,0.013559532846575432,0.00959283524286098,0.011155712056988946,1000,8226
Sudeste,S2,S2 dual-frame,smoking,Tabagismo atual,98.73798714583575,12.854049355991357,12.531608570757227,-0.32244078523413044,0.4479830184118392,0.551775457938281,0.014166466912585588,0.01002221718133872,0.01108545836291814,1000,8226
Sudeste,S3,S3 triplo-frame (+web),smoking,Tabagismo atual,99.11117895646369,12.854049355991357,12.50301229126119,-0.3510370647301677,0.4463772054191833,0.5676974350150741,0.01411568664705475,0.009986292144219975,0.011695070720736373,1000,8226
Sudeste,S4,S4 multimodal integral,smoking,Tabagismo atual,100,12.854049355991357,12.833977348407934,-0.020072007583422646,0.4519968187948816,0.45221643995427807,0.014293394425422292,0.010112013395722031,0.010497303382090777,1000,8226
Sul,S0,S0 fixo apenas,smoking,Tabagismo atual,51.8822271102914,14.61600157502553,12.335783204765278,-2.2802183702602523,0.4384226725692697,2.3219427300119353,0.013864142231771178,0.00980833438126603,0.013786413446195515,1000,6196
Sul,S1,S1 celular apenas,smoking,Tabagismo atual,97.57054962510375,14.61600157502553,13.623471309464806,-0.992530265560724,0.47234848133190377,1.0990934003908768,0.014936970503303401,0.010567318113901858,0.014215718985266981,1000,6196
Sul,S2,S2 dual-frame,smoking,Tabagismo atual,99.30654399021289,14.61600157502553,13.625146627841337,-0.990854947184193,0.5092864228739019,1.113959969757693,0.016105050776812065,0.011393688885003648,0.015392004799579449,1000,6196
Sul,S3,S3 triplo-frame (+web),smoking,Tabagismo atual,99.38849643763277,14.61600157502553,13.641352587206383,-0.9746489878191475,0.4915368443600704,1.0914703433217885,0.015543759820695122,0.010996597648435157,0.014545594592495423,1000,6196
Sul,S4,S4 multimodal integral,smoking,Tabagismo atual,99.99999999999999,14.61600157502553,13.678831451159953,-0.9371701238655774,0.4638837529161072,1.0455911194867407,0.01466929228761674,0.010377946322835055,0.013547958541863456,1000,6196
Centro-Oeste,S0,S0 fixo apenas,smoking,Tabagismo atual,41.02945075831711,11.949060119015604,10.413981611663338,-1.5350785073522655,0.44073194692047646,1.5970336339984006,0.013937167898691387,0.009859997163398124,0.0134720470754014,1000,8254
Centro-Oeste,S1,S1 celular apenas,smoking,Tabagismo atual,98.15056180332644,11.949060119015604,12.195474015806639,0.24641389679103476,0.44678059044511803,0.5100324417468289,0.01412844280161435,0.009995316620977935,0.011285938495859928,1000,8254
Centro-Oeste,S2,S2 dual-frame,smoking,Tabagismo atual,98.8160553778722,11.949060119015604,12.229947502584956,0.28088738356935217,0.4597340315282413,0.5385552400765411,0.01453806657520903,0.010285109301604478,0.0119824651801117,1000,8254
Centro-Oeste,S3,S3 triplo-frame (+web),smoking,Tabagismo atual,99.2486901680767,11.949060119015604,12.18806518026033,0.23900506124472543,0.44876814208114496,0.5082468610844646,0.01419129470298474,0.010039781864830268,0.010937526835467374,1000,8254
Centro-Oeste,S4,S4 multimodal integral,smoking,Tabagismo atual,100,11.949060119015604,12.187014877638557,0.23795475862295312,0.435460644598598,0.4960431575705287,0.013770474682966688,0.009742068280991709,0.01072370335996676,1000,8254
Norte,S0,S0 fixo apenas,hypertension,Hipertensão diagnosticada,16.303795593257597,16.709432108145165,20.45996174470799,3.750529636562824,0.3764474470349728,3.7693558498017716,0.011904313519861136,0.008421832784912757,NA,1000,11210
Norte,S1,S1 celular apenas,hypertension,Hipertensão diagnosticada,97.35187282700377,16.709432108145165,16.88466754032977,0.17523543218460347,0.3983651021003115,0.4350212828238923,0.012597410629625107,0.008912171682019236,NA,1000,11210
Norte,S2,S2 dual-frame,hypertension,Hipertensão diagnosticada,97.77259678252358,16.709432108145165,16.861753994520416,0.15232188637525113,0.37492880501703235,0.4045157528348972,0.011856289842589875,0.008387857925377985,NA,1000,11210
Norte,S3,S3 triplo-frame (+web),hypertension,Hipertensão diagnosticada,98.02999411343468,16.709432108145165,16.88302800828063,0.17359590013546367,0.40429935034533515,0.43980682494569395,0.012785068036176423,0.009044931903445597,NA,1000,11210
Norte,S4,S4 multimodal integral,hypertension,Hipertensão diagnosticada,100,16.709432108145165,16.792130746696124,0.08269863855095849,0.38844614459733007,0.3969616879038323,0.012283745652386728,0.008690266069034685,NA,1000,11210
Nordeste,S0,S0 fixo apenas,hypertension,Hipertensão diagnosticada,24.36295792642717,22.67566015744789,23.36669425664069,0.6910340991928017,0.3171966916085701,0.7602902430476541,0.010030640117531001,0.007096282675564911,NA,1000,18557
Nordeste,S1,S1 celular apenas,hypertension,Hipertensão diagnosticada,97.45827077490621,22.67566015744789,21.771444692075228,-0.904215465372662,0.3227403195761907,0.9600326871442265,0.010205945026313914,0.00722030399150899,NA,1000,18557
Nordeste,S2,S2 dual-frame,hypertension,Hipertensão diagnosticada,97.9651150913619,22.67566015744789,21.739262451650784,-0.9363977057971056,0.32757675969196154,0.9919878478987914,0.010358886691642356,0.007328504193821644,NA,1000,18557
Nordeste,S3,S3 triplo-frame (+web),hypertension,Hipertensão diagnosticada,98.25751692872957,22.67566015744789,21.722329756256133,-0.9533304011917565,0.3384345358842694,1.0115642594420564,0.01070223972256279,0.007571412935075847,NA,1000,18557
Nordeste,S4,S4 multimodal integral,hypertension,Hipertensão diagnosticada,100,22.67566015744789,21.69130335822429,-0.9843567992236011,0.34044961812016716,1.041512527391498,0.010765962217942605,0.007616494089888413,NA,1000,18557
Sudeste,S0,S0 fixo apenas,hypertension,Hipertensão diagnosticada,51.33717628980941,24.171876574767293,24.162560501939897,-0.009316072827395772,0.47679553508866124,0.4766481275649026,0.01507759869078902,0.010666807015792193,NA,1000,8226
Sudeste,S1,S1 celular apenas,hypertension,Hipertensão diagnosticada,96.92176108419378,24.171876574767293,23.942063519423456,-0.22981305534383623,0.48866616566834903,0.5397868720652677,0.015452980989731604,0.010932375202217733,NA,1000,8226
Sudeste,S2,S2 dual-frame,hypertension,Hipertensão diagnosticada,98.73798714583575,24.171876574767293,23.911985321745725,-0.2598912530215678,0.48791836533015365,0.5526026875543979,0.015429333466694188,0.010915645511382036,NA,1000,8226
Sudeste,S3,S3 triplo-frame (+web),hypertension,Hipertensão diagnosticada,99.11117895646369,24.171876574767293,23.88990758979977,-0.28196898496752354,0.4919201141672266,0.5667891334589876,0.015555879876184994,0.01100517211016361,NA,1000,8226
Sudeste,S4,S4 multimodal integral,hypertension,Hipertensão diagnosticada,100,24.171876574767293,23.871040884087346,-0.3008356906799463,0.48361202590307306,0.5693406921987549,0.015293155057020596,0.010819304651972303,NA,1000,8226
Sul,S0,S0 fixo apenas,hypertension,Hipertensão diagnosticada,51.8822271102914,23.248844595416337,26.367791123304595,3.1189465278882587,0.4825879365446602,3.1560237117626606,0.015260770508019343,0.010796393859506334,NA,1000,6196
Sul,S1,S1 celular apenas,hypertension,Hipertensão diagnosticada,97.57054962510375,23.248844595416337,24.60009104203686,1.3512464466205216,0.5185706392511299,1.4472434321460983,0.01639864347723084,0.011601394152986774,NA,1000,6196
Sul,S2,S2 dual-frame,hypertension,Hipertensão diagnosticada,99.30654399021289,23.248844595416337,24.561203508755295,1.312358913338958,0.5118223813008814,1.4085404166266267,0.016185244823619594,0.011450423013471593,NA,1000,6196
Sul,S3,S3 triplo-frame (+web),hypertension,Hipertensão diagnosticada,99.38849643763277,23.248844595416337,24.532969302980806,1.2841247075644695,0.5121897588382809,1.3824081435261035,0.016196862321413253,0.011458641935430768,NA,1000,6196
Sul,S4,S4 multimodal integral,hypertension,Hipertensão diagnosticada,99.99999999999999,23.248844595416337,24.489146606642883,1.2403020112265466,0.5208420991823632,1.3451224088688092,0.016470473347195907,0.011652210955887551,NA,1000,6196
Centro-Oeste,S0,S0 fixo apenas,hypertension,Hipertensão diagnosticada,41.02945075831711,20.109448246752603,20.07147566137987,-0.037972585372731515,0.4482271007337494,0.4496093232332265,0.014174185473323775,0.01002767775894941,NA,1000,8254
Centro-Oeste,S1,S1 celular apenas,hypertension,Hipertensão diagnosticada,98.15056180332644,20.109448246752603,19.262756146686026,-0.8466921000665764,0.4435961740636331,0.9557553559323638,0.01402774271377591,0.00992407527641939,NA,1000,8254
Centro-Oeste,S2,S2 dual-frame,hypertension,Hipertensão diagnosticada,98.8160553778722,20.109448246752603,19.21351612350902,-0.8959321232435826,0.4893749489380559,1.0207559562732087,0.015475394684728555,0.010948232008327672,NA,1000,8254
Centro-Oeste,S3,S3 triplo-frame (+web),hypertension,Hipertensão diagnosticada,99.2486901680767,20.109448246752603,19.23326416961644,-0.8761840771361626,0.47122416632226494,0.9947505716199089,0.014901416540923673,0.01054216508634562,NA,1000,8254
Centro-Oeste,S4,S4 multimodal integral,hypertension,Hipertensão diagnosticada,100,20.109448246752603,19.218426852385065,-0.891021394367538,0.4709478435616883,1.0077148429514782,0.014892678447995996,0.010535983229880471,NA,1000,8254
Norte,S0,S0 fixo apenas,diabetes,Diabetes diagnosticado,16.303795593257597,5.668812570043149,3.325217315321591,-2.3435952547215577,0.17547162485724938,2.3501485524945687,0.005548899992795262,0.003925628118039554,NA,1000,11210
Norte,S1,S1 celular apenas,diabetes,Diabetes diagnosticado,97.35187282700377,5.668812570043149,5.404393776736185,-0.2644187933069633,0.24342337629964864,0.3593229514557925,0.0076977230483513985,0.005445835766138374,NA,1000,11210
Norte,S2,S2 dual-frame,diabetes,Diabetes diagnosticado,97.77259678252358,5.668812570043149,5.457625634569418,-0.21118693547373102,0.24681900782754937,0.3247439371522381,0.007805102345579838,0.0055218023881792476,NA,1000,11210
Norte,S3,S3 triplo-frame (+web),diabetes,Diabetes diagnosticado,98.02999411343468,5.668812570043149,5.448564197412689,-0.2202483726304596,0.24656326471548212,0.33051776912900693,0.007797015038279516,0.005516080936904474,NA,1000,11210
Norte,S4,S4 multimodal integral,diabetes,Diabetes diagnosticado,100,5.668812570043149,5.454807633654358,-0.2140049363887906,0.23361399897652982,0.31673180739556106,0.007387523300660789,0.0052263816665286955,NA,1000,11210
Nordeste,S0,S0 fixo apenas,diabetes,Diabetes diagnosticado,24.36295792642717,8.093488166572344,9.030084491340283,0.9365963247679385,0.21580514571403858,0.9611128781909806,0.006824357912408861,0.004827964343077395,NA,1000,18557
Nordeste,S1,S1 celular apenas,diabetes,Diabetes diagnosticado,97.45827077490621,8.093488166572344,8.347525138410695,0.2540369718383513,0.2501844586889375,0.3564610135301006,0.007911527246333459,0.005597093812317444,NA,1000,18557
Nordeste,S2,S2 dual-frame,diabetes,Diabetes diagnosticado,97.9651150913619,8.093488166572344,8.369424637873603,0.2759364713012591,0.24184002105443106,0.3668365376867667,0.007647652959150778,0.005410413150792284,NA,1000,18557
Nordeste,S3,S3 triplo-frame (+web),diabetes,Diabetes diagnosticado,98.25751692872957,8.093488166572344,8.3348512684058509,0.24136310183350673,0.2452812933953649,0.34403327877329726,0.007756475545613682,0.005487400843100894,NA,1000,18557
Nordeste,S4,S4 multimodal integral,diabetes,Diabetes diagnosticado,100,8.093488166572344,8.250394212794081,0.15690604622173687,0.22873548164442087,0.27728524660262716,0.0072332510369200655,0.005117240118264979,NA,1000,18557
Sudeste,S0,S0 fixo apenas,diabetes,Diabetes diagnosticado,51.33717628980941,8.275644222757492,7.351576536000212,-0.9240676867572803,0.2858598794209921,0.9672307090352705,0.0090396831063143,0.006395219633871657,NA,1000,8226
Sudeste,S1,S1 celular apenas,diabetes,Diabetes diagnosticado,96.92176108419378,8.275644222757492,7.45263810645787,-0.8230061162996218,0.32273464480001385,0.8839641173542186,0.010205765574134608,0.007220177036162554,NA,1000,8226
Sudeste,S2,S2 dual-frame,diabetes,Diabetes diagnosticado,98.73798714583575,8.275644222757492,7.555675493618218,-0.719968729139274,0.31547633807973113,0.7859903087867749,0.009976237762212608,0.007057795152631941,NA,1000,8226
Sudeste,S3,S3 triplo-frame (+web),diabetes,Diabetes diagnosticado,99.11117895646369,8.275644222757492,7.583321588797355,-0.6923226339601376,0.3303304525254424,0.7670200252609449,0.01044596610494518,0.007390109447801316,NA,1000,8226
Sudeste,S4,S4 multimodal integral,diabetes,Diabetes diagnosticado,100,8.275644222757492,7.590750655206557,-0.6848935675509349,0.32296357102864676,0.7571527993846491,0.010213004857120933,0.007225298543647364,NA,1000,8226
Sul,S0,S0 fixo apenas,diabetes,Diabetes diagnosticado,51.8822271102914,6.117917708367896,6.815643340010712,0.6977256316428155,0.3163366083873257,0.7660220871538601,0.010003441897966732,0.007077041006834039,NA,1000,6196
Sul,S1,S1 celular apenas,diabetes,Diabetes diagnosticado,97.57054962510375,6.117917708367896,8.126591316997272,2.008673608629376,0.44298776931457207,2.0568936753276037,0.014008503266312948,0.00991046412537428,NA,1000,6196
Sul,S2,S2 dual-frame,diabetes,Diabetes diagnosticado,99.30654399021289,6.117917708367896,7.844467745456058,1.7265500370881615,0.41129610781896303,1.7748155832051546,0.013006324934701118,0.009201462441621908,NA,1000,6196
Sul,S3,S3 triplo-frame (+web),diabetes,Diabetes diagnosticado,99.38849643763277,6.117917708367896,7.821248120544916,1.7033304121770199,0.44505017809034747,1.7604562148501077,0.014073722358290646,0.009956604063313886,NA,1000,6196
Sul,S4,S4 multimodal integral,diabetes,Diabetes diagnosticado,99.99999999999999,6.117917708367896,7.788588825442565,1.6706711170746686,0.43919182952090385,1.727379099990017,0.013888465110224336,0.009825541859449336,NA,1000,6196
Centro-Oeste,S0,S0 fixo apenas,diabetes,Diabetes diagnosticado,41.02945075831711,7.228694230457346,6.673816050467623,-0.5548781799897222,0.29632918706871225,0.6289777188028217,0.009370751683232453,0.006629437607927186,NA,1000,8254
Centro-Oeste,S1,S1 celular apenas,diabetes,Diabetes diagnosticado,98.15056180332644,7.228694230457346,7.059445753015023,-0.16924847744232263,0.30767740613410277,0.35102103637205073,0.009729613879564267,0.006883318472648256,NA,1000,8254
Centro-Oeste,S2,S2 dual-frame,diabetes,Diabetes diagnosticado,98.8160553778722,7.228694230457346,7.117784642080242,-0.11090958837710385,0.3221440809980044,0.3405495102141615,0.010187090306954623,0.007206965020438926,NA,1000,8254
Centro-Oeste,S3,S3 triplo-frame (+web),diabetes,Diabetes diagnosticado,99.2486901680767,7.228694230457346,7.1401289864070465,-0.08856524405029909,0.31164393015724584,0.32383424729070814,0.009855046382633332,0.006972057026524401,NA,1000,8254
Centro-Oeste,S4,S4 multimodal integral,diabetes,Diabetes diagnosticado,100,7.228694230457346,7.108770563961186,-0.1199236664961596,0.31295148516035953,0.33499608836207767,0.00989639490239121,0.007001309475119906,NA,1000,8254
Norte,S0,S0 fixo apenas,poor_health,Autoavaliação ruim de saúde,16.303795593257597,4.336504262978145,2.5164628316752378,-1.820041431302907,0.14894773980036224,1.8261199455187984,0.004710141101032581,0.003332239249248535,NA,1000,11210
Norte,S1,S1 celular apenas,poor_health,Autoavaliação ruim de saúde,97.35187282700377,4.336504262978145,4.092439489128071,-0.24406477385007364,0.23099818573001202,0.33596787864799516,0.007304804022734431,0.00516786103653838,NA,1000,11210
Norte,S2,S2 dual-frame,poor_health,Autoavaliação ruim de saúde,97.77259678252358,4.336504262978145,4.055217314224205,-0.28128694875394,0.2295933298695794,0.3630189135055947,0.007260378579702404,0.005136431785957304,NA,1000,11210
Norte,S3,S3 triplo-frame (+web),poor_health,Autoavaliação ruim de saúde,98.02999411343468,4.336504262978145,4.058059150765176,-0.2784451122129683,0.22806429141351095,0.3598513418235666,0.007212026138190769,0.0051022243386757895,NA,1000,11210
Norte,S4,S4 multimodal integral,poor_health,Autoavaliação ruim de saúde,100,4.336504262978145,4.052950148136382,-0.2835541148417624,0.21835053307966854,0.35781589453876195,0.006904850128436926,0.0048849094145209885,NA,1000,11210
Nordeste,S0,S0 fixo apenas,poor_health,Autoavaliação ruim de saúde,24.36295792642717,6.2038011822537324,5.210086113262036,-0.9937150689916967,0.23033446869797247,1.020034583651005,0.007283815447303512,0.005153012446371646,NA,1000,18557
Nordeste,S1,S1 celular apenas,poor_health,Autoavaliação ruim de saúde,97.45827077490621,6.2038011822537324,6.444610142281727,0.24080896002799435,0.226025735523608,0.33019009784612424,0.00714756134069432,0.005056618034362437,NA,1000,18557
Nordeste,S2,S2 dual-frame,poor_health,Autoavaliação ruim de saúde,97.9651150913619,6.2038011822537324,6.450087851250618,0.2462866689968859,0.24008808692960887,0.343863011272826,0.00759225193770066,0.0053712191109186016,NA,1000,18557
Nordeste,S3,S3 triplo-frame (+web),poor_health,Autoavaliação ruim de saúde,98.25751692872957,6.2038011822537324,6.464380159343202,0.26057897708946953,0.23191845804154207,0.3487603594306276,0.007333905588454662,0.005188449247682686,NA,1000,18557
Nordeste,S4,S4 multimodal integral,poor_health,Autoavaliação ruim de saúde,100,6.2038011822537324,6.437073861685813,0.23327267943208074,0.22690883897167657,0.3253494683439532,0.0071754875237487695,0.005076374708580824,NA,1000,18557
Sudeste,S0,S0 fixo apenas,poor_health,Autoavaliação ruim de saúde,51.33717628980941,3.6410307924743064,3.9547340810927114,0.313703288618405,0.26284075505765997,0.40917713834812913,0.008311754479006271,0.005880238810465822,NA,1000,8226
Sudeste,S1,S1 celular apenas,poor_health,Autoavaliação ruim de saúde,96.92176108419378,3.6410307924743064,3.4014443897144337,-0.23958640275987264,0.22133206699030736,0.3260989732914527,0.006999134509223402,0.004951611899119362,NA,1000,8226
Sudeste,S2,S2 dual-frame,poor_health,Autoavaliação ruim de saúde,98.73798714583575,3.6410307924743064,3.441633767928485,-0.1993970245458212,0.22665824818678185,0.3017975495383561,0.007167563147339603,0.00507076852449206,NA,1000,8226
Sudeste,S3,S3 triplo-frame (+web),poor_health,Autoavaliação ruim de saúde,99.11117895646369,3.6410307924743064,3.449094737276419,-0.19193605519788726,0.22233736556707157,0.29363909737653243,0.007030924841534406,0.00497410230668914,NA,1000,8226
Sudeste,S4,S4 multimodal integral,poor_health,Autoavaliação ruim de saúde,100,3.6410307924743064,3.549476829780723,-0.09155396269358329,0.23813796592782732,0.2550198212106755,0.00753058369691507,0.005327591260293744,NA,1000,8226
Sul,S0,S0 fixo apenas,poor_health,Autoavaliação ruim de saúde,51.8822271102914,3.852632864414289,2.742992916871162,-1.1096399475431267,0.21082310974763344,1.1294701193053194,0.006666812102021677,0.004716506889539166,NA,1000,6196
Sul,S1,S1 celular apenas,poor_health,Autoavaliação ruim de saúde,97.57054962510375,3.852632864414289,4.533421742367347,0.680788877953058,0.32109049306146115,0.7526416823258602,0.010153772931007086,0.007183394289661877,NA,1000,6196
Sul,S2,S2 dual-frame,poor_health,Autoavaliação ruim de saúde,99.30654399021289,3.852632864414289,4.470242212017104,0.6176093476028153,0.3502392737433246,0.7099198458768101,0.01107553831072113,0.007835506978219818,NA,1000,6196
Sul,S3,S3 triplo-frame (+web),poor_health,Autoavaliação ruim de saúde,99.38849643763277,3.852632864414289,4.469053523686031,0.6164206592717423,0.3838705663166466,0.7260741589187624,0.01213905316259316,0.008587901833395136,NA,1000,6196
Sul,S4,S4 multimodal integral,poor_health,Autoavaliação ruim de saúde,99.99999999999999,3.852632864414289,4.470158224260856,0.6175253598465669,0.3561471991399477,0.7127773542147691,0.011262363315717956,0.007967678308343029,NA,1000,6196
Centro-Oeste,S0,S0 fixo apenas,poor_health,Autoavaliação ruim de saúde,41.02945075831711,4.254386546061579,3.489033326475755,-0.7653532195858244,0.22137196869158837,0.7966944795241485,0.0070003963118090385,0.004952504574733631,NA,1000,8254
Centro-Oeste,S1,S1 celular apenas,poor_health,Autoavaliação ruim de saúde,98.15056180332644,4.254386546061579,4.370048800283381,0.11566225422180132,0.2811339749645449,0.303866800784743,0.008890236885447168,0.006289492320794741,NA,1000,8254
Centro-Oeste,S2,S2 dual-frame,poor_health,Autoavaliação ruim de saúde,98.8160553778722,4.254386546061579,4.373593499741995,0.11920695368041567,0.3018738013995118,0.32441788172846664,0.009546087783557823,0.006753480990658606,NA,1000,8254
Centro-Oeste,S3,S3 triplo-frame (+web),poor_health,Autoavaliação ruim de saúde,99.2486901680767,4.254386546061579,4.354228237961884,0.09984169190030467,0.2840180673278705,0.3009218499006105,0.008981439893951235,0.006354014855909491,NA,1000,8254
Centro-Oeste,S4,S4 multimodal integral,poor_health,Autoavaliação ruim de saúde,100,4.254386546061579,4.4120601950467355,0.15767364898515623,0.2834713483591246,0.3242477893825858,0.008964151122138681,0.006341783731030351,NA,1000,8254
