indicador,rotulo,dominio,est_p_fixo,est_p_semfixo,est_f_semfixo,est_vies,est_p_pns,est_alvo,se_p_fixo,se_p_semfixo,se_f_semfixo,se_vies,se_p_pns,se_alvo,se_vig,vies_low,vies_upp,p_fixo_low,p_fixo_upp,p_sem_low,p_sem_upp,f_low,f_upp,cochran_pns,cochran_vigitel,acima_limiar
smoking,Tabagismo atual,27 capitais,9.580008936904507,12.624192268715273,60.343741110964054,-1.836974108691008,11.416983045595478,9.580008936904468,0.5230614663692973,0.38825868079480047,0.5924277528196625,0.40366363427376983,0.3069934488151383,0.5230614663693004,0.3258371893338814,-2.628140293736145,-1.0458079236458713,8.554827301119976,10.605190572689038,11.863219237672432,13.385165299758114,59.18260405199552,61.50487816993259,3.5119660437652054,5.637705482441672,TRUE
smoking,Tabagismo atual,Norte,4.41017265873564,8.914761782033233,83.69620440674237,-3.7701701203190376,8.18034277905467,4.410172658735632,0.8458436488024714,0.5000651318162113,0.7473267349796933,0.8075618915510021,0.44518703683328165,0.8458436488024712,0.3258371893338814,-5.352962343046042,-2.1873778975920333,2.75234957053085,6.067995746940429,7.934652133749185,9.894871430317282,82.23147092149826,85.16093789198648,4.457289625165087,11.57071765818539,TRUE
smoking,Tabagismo atual,Nordeste,6.2547764296315105,9.854855571534356,75.63704207357281,-2.7229933752429747,8.977769804874484,6.2547764296315105,0.7775638459237089,0.46695545510248504,0.8784858697747051,0.6867935801810214,0.4082639139467391,0.7775638459237092,0.3258371893338814,-4.069084057211098,-1.3769026932748514,4.730779295940589,7.7787735633224315,8.939639697148976,10.770071445919736,73.91524140788705,77.35884273925858,3.501954713452743,8.356914018346618,TRUE
smoking,Tabagismo atual,Sudeste,10.48595923090784,15.352282112593787,48.66282371019062,-2.3680901250835014,12.854049355991359,10.485959230907858,0.8384486169376928,0.8972376969087956,1.1634875951905117,0.6252083257987906,0.5938466296808822,0.8384486169376948,0.3258371893338814,-3.593475926483715,-1.142704323683288,8.842630138822543,12.129288322993137,13.593728541080884,17.11083568410669,46.3824299271581,50.943217493223145,2.824371198479155,7.2677097722474775,TRUE
smoking,Tabagismo atual,Sul,12.045071226073443,17.388066536444455,48.11777288970857,-2.5709303489521034,14.61600157502553,12.045071226073427,1.0352518565963196,1.182448736592066,1.8629835534538781,0.7573601582852788,0.7842862241831811,1.0352518565963211,0.3258371893338814,-4.055328982516804,-1.0865317153874028,10.016014872216433,14.074127579930453,15.070509599159118,19.705623473729794,44.46639222114852,51.76915355826862,2.48338636880571,7.890229946458636,TRUE
smoking,Tabagismo atual,Centro-Oeste,9.250998561334642,13.826268068531048,58.97054924168293,-2.6980615576809606,11.949060119015604,9.250998561334642,0.8036238989892528,0.7705254452476381,1.1656366564495393,0.6475763923844039,0.5819338921563851,0.8036238989892528,0.3258371893338814,-3.96728796399277,-1.4288351513691513,7.675924662200052,10.82607246046923,12.316065946673989,15.336470190388107,56.68594337598215,61.255155107383715,3.357368491746464,8.280397836713139,TRUE
hypertension,Hipertensão diagnosticada,27 capitais,28.775113610885906,18.279394437881123,60.343741110964054,6.333509605491821,22.441604005393955,28.77511361088578,0.7079913852760467,0.39852963010182874,0.5924277528196625,0.49253507431209154,0.3822994302151814,0.7079913852760505,0.38273766961338634,5.368158598717363,7.29886061226628,27.387475994380235,30.162751227391578,17.49829071610947,19.060498159652777,59.18260405199552,61.50487816993259,8.94574388503665,16.54791286128034,TRUE
hypertension,Hipertensão diagnosticada,Norte,25.95033407426479,14.909329250185651,83.69620440674237,9.240901966119562,16.709432108145165,25.950334074264724,2.0490949471157953,0.6544958148316803,0.7473267349796933,1.8402100723580193,0.6286592601600576,2.0490949471157953,0.38273766961338634,5.634156500309999,12.847647431929126,21.934181777014828,29.966486371514755,13.626541025083363,16.19211747528794,82.23147092149826,85.16093789198648,4.5097480617609245,24.144218611808046,TRUE
hypertension,Hipertensão diagnosticada,Nordeste,28.92512663125246,20.662684972408087,75.63704207357281,6.249466473804527,22.67566015744789,28.925126631252418,1.383026927231022,0.6363197782510033,0.8784858697747051,1.135324561137875,0.6016871929595622,1.3830269272310247,0.38273766961338634,4.02427122321055,8.474661724398505,26.21444366423056,31.63580959827436,19.415521124385606,21.909848820430568,73.91524140788705,77.35884273925858,4.5186874895607945,16.328328696042075,TRUE
hypertension,Hipertensão diagnosticada,Sudeste,29.962799323900217,18.062703300659745,48.66282371019062,5.790922749132916,24.171876574767293,29.962799323900207,1.1131036810664874,0.842757095332152,1.1634875951905117,0.6959355066804406,0.7419997932332307,1.1131036810664874,0.38273766961338634,4.426914220476618,7.154931277789213,27.781156197950942,32.14444244984949,16.41092974609314,19.71447685522635,46.3824299271581,50.943217493223145,5.202500762179238,15.130265999117576,TRUE
hypertension,Hipertensão diagnosticada,Sul,28.95272188132903,17.09872918098802,48.11777288970857,5.70387728591272,23.248844595416337,28.952721881329058,1.5305201540626578,1.0486638813905493,1.8629835534538781,0.8792055583020278,1.0248576445397983,1.5305201540626574,0.38273766961338634,3.980666056633315,7.427088515192124,25.952957501753527,31.952486260904532,15.04338574157456,19.15407262040148,44.46639222114852,51.76915355826862,3.726757384260625,14.902837475272188,TRUE
hypertension,Hipertensão diagnosticada,Centro-Oeste,23.867899781837146,17.49446154289344,58.97054924168293,3.758451535084547,20.109448246752603,23.867899781837153,1.1770890380438443,0.7818204853535599,1.1656366564495393,0.8483274479915469,0.6747211081149717,1.177089038043847,0.38273766961338634,2.09576028992434,5.421142780244754,21.560847660674312,26.17495190299998,15.962121549224838,19.02680153656204,56.68594337598215,61.255155107383715,3.1930052983337287,9.819915397617017,TRUE
diabetes,Diabetes diagnosticado,27 capitais,9.639728754847699,6.348254588452851,60.343741110964054,1.9861986497035693,7.653530105144111,9.639728754847681,0.42905822205361027,0.24675910466679088,0.5924277528196625,0.2912958839177537,0.2345785612128747,0.42905822205361205,0.21438233211484842,1.4152692083800118,2.557128091027127,8.798790092351833,10.480667417343565,5.864615630448591,6.831893546457111,59.18260405199552,61.50487816993259,4.629205426240256,9.264749711928348,TRUE
diabetes,Diabetes diagnosticado,Norte,6.529175298794704,5.50121622364907,83.69620440674237,0.8603627287515483,5.668812570043149,6.529175298794697,0.8531180375573221,0.4198555573100902,0.7473267349796933,0.7880716012738717,0.3817755627481925,0.8531180375573222,0.21438233211484842,-0.6842292269840493,2.404954684487146,4.857094670620864,8.201255926968544,4.678314452612301,6.32411799468584,82.23147092149826,85.16093789198648,1.008492015026396,4.013216575564803,TRUE
diabetes,Diabetes diagnosticado,Nordeste,11.02069624600586,7.150624123690205,75.63704207357281,2.927208079433505,8.093488166572348,11.020696246005853,1.0236238117188088,0.4146459898654308,0.8784858697747051,0.8197035770098849,0.4124448274979379,1.0236238117188083,0.21438233211484842,1.3206185904954764,4.533797568371534,9.014430441319387,13.026962050692333,6.337932917220001,7.96331533016041,73.91524140788705,77.35884273925858,2.8596521944114506,13.65414794473524,TRUE
diabetes,Diabetes diagnosticado,Sudeste,10.27156772447985,6.1700311724519645,48.66282371019062,1.9959235017223604,8.275644222757492,10.271567724479851,0.6539350772072526,0.5012387323210432,1.1634875951905117,0.4055019893675363,0.4219237361304604,0.6539350772072535,0.21438233211484842,1.2011542069026455,2.7906927965420754,8.989878524926215,11.553256924033484,5.187621309446207,7.152441035457722,46.3824299271581,50.943217493223145,3.052173788025427,9.310111901633334,TRUE
diabetes,Diabetes diagnosticado,Sul,6.823791873842556,5.3568200605531135,48.11777288970857,0.7058741654746532,6.117917708367898,6.823791873842551,0.8617770615972634,0.8579847354522994,1.8629835534538781,0.5879282651007639,0.6131929685446958,0.8617770615972633,0.21438233211484842,-0.4464440596159609,1.8581923905652673,5.134739870409164,8.512843877275946,3.6752008797814812,7.038439241324745,44.46639222114852,51.76915355826862,0.819091383293898,3.2925948631648616,TRUE
diabetes,Diabetes diagnosticado,Centro-Oeste,8.466906489418438,6.367193539677269,58.97054924168293,1.2382122589611089,7.228694230457346,8.466906489418454,0.63609876919125,0.5418292908340469,1.1656366564495393,0.4778991150420061,0.42953312950883316,0.63609876919125,0.21438233211484842,0.30154720523521317,2.1748773126870047,7.220175811193332,9.713637167643544,5.30522764387366,7.429159435480879,56.68594337598215,61.255155107383715,1.94657232325005,5.775719700155966,TRUE
poor_health,Autoavaliação ruim de saúde,27 capitais,3.842982982284196,4.84139970469905,60.343741110964054,-0.6024820021825922,4.445464984466769,3.842982982284177,0.2929477890503428,0.21578077460302184,0.5924277528196625,0.2159907871446149,0.17782333152380184,0.2929477890503424,0.19831225506944244,-1.0258161659784941,-0.17914783838669024,3.268815866394887,4.417150098173504,4.4184771579209725,5.264322251477128,59.18260405199552,61.50487816993259,2.056619045105871,3.038047255181596,TRUE
poor_health,Autoavaliação ruim de saúde,Norte,3.126046025515196,4.572298273204273,83.69620440674237,-1.2104582374629562,4.336504262978145,3.1260460255151887,0.7698129309544082,0.33610639017255,0.7473267349796933,0.7122415897284393,0.3049666160632881,0.769812930954408,0.19831225506944244,-2.60642610162225,0.18550962669633764,1.617240406011337,4.6348516450190544,3.9135418534923083,5.2310546929162385,82.23147092149826,85.16093789198648,1.5724056959685508,6.103799470381159,TRUE
poor_health,Autoavaliação ruim de saúde,Nordeste,4.022303765966092,6.90646919137455,75.63704207357281,-2.1814974162876357,6.2038011822537324,4.022303765966097,0.6179705527312609,0.4530523957952333,0.8784858697747051,0.5785312747059796,0.3794778496236939,0.6179705527312611,0.19831225506944244,-3.315397878641404,-1.0475969539338676,2.8111037391065112,5.233503792825673,6.018502812506307,7.794435570242793,73.91524140788705,77.35884273925858,3.530099301084839,11.000315716866549,TRUE
poor_health,Autoavaliação ruim de saúde,Sudeste,3.9537072663549147,3.3111706233053027,48.66282371019062,0.3126764738806095,3.6410307924743064,3.953707266354916,0.4592419875559272,0.3631063285643259,1.1634875951905117,0.2787739859878155,0.300013003831625,0.45924198755592743,0.19831225506944244,-0.2337104984821824,0.8590634462434014,3.053609510556706,4.853805022153123,2.5994952967606566,4.022845949849948,46.3824299271581,50.943217493223145,0.6808534113891997,1.5766876019392773,TRUE
poor_health,Autoavaliação ruim de saúde,Sul,3.4305155365416096,4.307774192797844,48.11777288970857,-0.4221173278726837,3.852632864414289,3.4305155365416056,0.5292708133444718,0.7838385549930825,1.8629835534538781,0.47046886131677684,0.4489433507351331,0.5292708133444717,0.19831225506944244,-1.3442193519011354,0.49998469615576807,2.393163804318224,4.467867268764995,2.7714788553174836,5.844069530278204,44.46639222114852,51.76915355826862,0.797545069990383,2.1285488772485195,TRUE
poor_health,Autoavaliação ruim de saúde,Centro-Oeste,3.7089606901185457,4.633872977619344,58.97054924168293,-0.5454258559430343,4.254386546061579,3.7089606901185457,0.4591069237739052,0.4825825744630675,1.1656366564495393,0.40131862398016926,0.334126471258919,0.45910692377390544,0.19831225506944244,-1.3319959052693382,0.24114419338326964,2.809127654468716,4.6087937257683755,3.688028512105113,5.579717443133575,56.68594337598215,61.255155107383715,1.1880148777970472,2.7503386301166515,TRUE
