rotulo,region,p_fixo,p_dual,dif
Tabagismo atual,Norte,6.846240754806218,7.171137139385246,-0.32489638457902803
Tabagismo atual,Nordeste,6.3197504987766635,6.913994758623332,-0.5942442598466684
Tabagismo atual,Sudeste,8.138436276030246,10.116624339591896,-1.9781880635616496
Tabagismo atual,Sul,11.509617964163317,13.73413930896456,-2.224521344801243
Tabagismo atual,Centro-Oeste,8.302190864458128,10.041699884614633,-1.7395090201565058
Hipertensão diagnosticada,Norte,22.219802848318356,21.695961739939822,0.5238411083785337
Hipertensão diagnosticada,Nordeste,27.96620278359888,26.953744729187772,1.012458054411109
Hipertensão diagnosticada,Sudeste,31.004088401852908,30.56552347058963,0.43856493126327933
Hipertensão diagnosticada,Sul,32.11867635771922,28.001752131377582,4.116924226341634
Hipertensão diagnosticada,Centro-Oeste,28.97209790192006,25.857817703478947,3.1142801984411115
Diabetes diagnosticado,Norte,7.908765360058219,7.333955181097518,0.5748101789607007
Diabetes diagnosticado,Nordeste,9.384607841950587,9.423108126676743,-0.03850028472615641
Diabetes diagnosticado,Sudeste,11.528900857324805,11.297333574442526,0.23156728288227946
Diabetes diagnosticado,Sul,11.24652735371369,10.306152576097611,0.9403747776160785
Diabetes diagnosticado,Centro-Oeste,12.007779431325078,10.476808306813687,1.5309711245113906
Autoavaliação ruim de saúde,Norte,6.327119659824078,6.342452535694814,-0.01533287587073584
Autoavaliação ruim de saúde,Nordeste,5.679024846771184,5.824981792476026,-0.1459569457048424
Autoavaliação ruim de saúde,Sudeste,6.255109707622945,6.275308270368141,-0.020198562745195936
Autoavaliação ruim de saúde,Sul,4.566069312399631,4.752823743594516,-0.18675443119488477
Autoavaliação ruim de saúde,Centro-Oeste,7.286796886818521,6.00266830630858,1.2841285805099405
